claim_id,day_offset,date,avg_temp_c,max_temp_c,avg_pressure_kpa,max_pressure_kpa,vibration_rms_mm_s,runtime_hours,power_draw_kwh,error_code_count,telemetry_received
CLM-0002134,-89,2024-06-07,50.5,53.98,425.6,440.0,0.968,2.13,2.52,0.0,True
CLM-0002134,-88,2024-06-08,48.33,51.06,418.4,441.5,1.338,2.23,3.18,0.0,True
CLM-0002134,-87,2024-06-09,46.47,49.32,419.7,425.1,1.195,2.24,3.54,0.0,True
CLM-0002134,-86,2024-06-10,48.01,49.5,437.1,453.3,1.153,2.33,3.87,0.0,True
CLM-0002134,-85,2024-06-11,47.27,49.74,425.8,440.8,1.242,2.6,4.04,0.0,True
CLM-0002134,-84,2024-06-12,46.3,48.88,422.9,431.6,0.983,2.39,3.38,0.0,True
CLM-0002134,-83,2024-06-13,44.87,49.3,424.0,454.2,1.265,2.77,4.14,0.0,True
CLM-0002134,-82,2024-06-14,50.21,52.06,398.6,422.5,1.111,2.82,4.31,0.0,True
CLM-0002134,-81,2024-06-15,47.63,48.25,425.9,445.9,1.177,2.52,4.25,0.0,True
CLM-0002134,-80,2024-06-16,47.97,50.96,406.9,437.2,1.371,2.67,4.29,0.0,True
CLM-0002134,-79,2024-06-17,50.44,52.18,425.9,437.8,1.296,3.21,5.09,0.0,True
CLM-0002134,-78,2024-06-18,,,,,,,,,False
CLM-0002134,-77,2024-06-19,45.63,49.29,428.9,462.8,1.185,2.83,3.92,0.0,True
CLM-0002134,-76,2024-06-20,50.1,53.0,417.7,461.0,0.816,3.02,4.11,0.0,True
CLM-0002134,-75,2024-06-21,51.72,54.29,402.8,433.3,1.077,2.57,3.77,0.0,True
CLM-0002134,-74,2024-06-22,49.76,52.6,415.6,444.4,1.225,3.16,4.95,0.0,True
CLM-0002134,-73,2024-06-23,47.02,50.87,453.1,473.4,1.085,3.11,4.51,0.0,True
CLM-0002134,-72,2024-06-24,45.8,47.65,385.9,406.4,1.001,2.27,3.57,0.0,True
CLM-0002134,-71,2024-06-25,46.95,50.68,422.5,449.3,1.272,2.3,3.21,0.0,True
CLM-0002134,-70,2024-06-26,48.96,50.95,404.8,440.8,1.396,2.61,3.73,0.0,True
CLM-0002134,-69,2024-06-27,51.6,55.2,440.7,469.1,1.092,2.15,3.65,0.0,True
CLM-0002134,-68,2024-06-28,47.23,48.69,432.2,464.9,1.331,3.48,5.46,0.0,True
CLM-0002134,-67,2024-06-29,47.45,50.99,422.8,440.5,1.309,2.72,3.98,0.0,True
CLM-0002134,-66,2024-06-30,50.79,53.69,433.8,463.7,1.053,2.42,3.38,0.0,True
CLM-0002134,-65,2024-07-01,47.88,50.98,423.7,443.3,1.091,1.84,3.04,0.0,True
CLM-0002134,-64,2024-07-02,52.18,56.14,420.1,446.2,1.47,2.5,4.01,0.0,True
CLM-0002134,-63,2024-07-03,48.45,50.63,411.0,440.9,1.032,1.93,3.08,0.0,True
CLM-0002134,-62,2024-07-04,51.09,54.06,414.6,435.3,1.109,2.7,4.0,0.0,True
CLM-0002134,-61,2024-07-05,49.52,52.82,413.0,429.9,1.495,1.4,1.77,0.0,True
CLM-0002134,-60,2024-07-06,50.16,52.87,420.2,448.1,1.115,2.95,4.43,0.0,True
CLM-0002134,-59,2024-07-07,48.4,52.11,391.6,415.5,1.403,2.23,3.77,0.0,True
CLM-0002134,-58,2024-07-08,48.53,51.86,435.4,461.5,1.047,1.72,2.31,0.0,True
CLM-0002134,-57,2024-07-09,49.59,52.01,449.2,479.5,1.221,2.39,3.6,0.0,True
CLM-0002134,-56,2024-07-10,50.35,54.61,413.5,449.0,1.363,2.41,4.1,0.0,True
CLM-0002134,-55,2024-07-11,49.8,53.36,437.6,467.9,1.13,2.37,3.47,0.0,True
CLM-0002134,-54,2024-07-12,45.22,47.37,418.0,447.2,1.215,2.95,4.39,0.0,True
CLM-0002134,-53,2024-07-13,49.27,51.41,411.0,432.0,1.312,2.55,3.42,0.0,True
CLM-0002134,-52,2024-07-14,47.44,50.22,414.3,436.5,1.065,2.72,4.26,0.0,True
CLM-0002134,-51,2024-07-15,47.66,51.11,421.3,449.9,1.536,2.3,3.23,0.0,True
CLM-0002134,-50,2024-07-16,49.67,50.45,409.2,431.3,1.356,2.57,3.39,0.0,True
CLM-0002134,-49,2024-07-17,52.15,54.35,429.1,457.7,1.146,1.88,2.53,0.0,True
CLM-0002134,-48,2024-07-18,48.29,50.71,412.2,430.7,1.165,2.5,3.82,0.0,True
CLM-0002134,-47,2024-07-19,52.7,54.26,403.9,444.3,1.487,2.1,2.67,0.0,True
CLM-0002134,-46,2024-07-20,46.56,48.53,419.7,446.3,1.147,2.93,3.98,0.0,True
CLM-0002134,-45,2024-07-21,51.21,54.35,409.6,435.6,1.129,2.43,3.81,0.0,True
CLM-0002134,-44,2024-07-22,49.61,52.12,415.1,436.2,1.372,2.67,3.98,0.0,True
CLM-0002134,-43,2024-07-23,49.17,51.76,419.2,459.5,0.99,2.5,3.48,0.0,True
CLM-0002134,-42,2024-07-24,51.52,53.14,399.9,414.9,1.188,3.12,4.59,0.0,True
CLM-0002134,-41,2024-07-25,47.48,50.26,441.9,461.3,1.213,1.78,3.19,0.0,True
CLM-0002134,-40,2024-07-26,51.31,52.8,432.2,464.0,1.094,2.35,3.92,0.0,True
CLM-0002134,-39,2024-07-27,48.33,52.79,410.5,437.5,0.965,2.02,2.99,0.0,True
CLM-0002134,-38,2024-07-28,47.47,52.21,419.7,440.1,1.21,1.58,2.62,0.0,True
CLM-0002134,-37,2024-07-29,46.1,48.62,429.5,450.2,1.303,1.99,3.02,0.0,True
CLM-0002134,-36,2024-07-30,51.92,53.8,423.1,445.8,1.098,2.87,3.77,0.0,True
CLM-0002134,-35,2024-07-31,51.03,54.89,448.2,474.0,1.023,2.39,3.0,0.0,True
CLM-0002134,-34,2024-08-01,47.79,51.39,416.4,453.8,1.388,2.31,3.2,0.0,True
CLM-0002134,-33,2024-08-02,49.84,54.72,437.8,467.7,1.279,2.71,3.59,0.0,True
CLM-0002134,-32,2024-08-03,49.0,54.14,400.0,433.2,1.146,2.45,3.75,0.0,True
CLM-0002134,-31,2024-08-04,48.04,49.02,402.3,423.8,1.338,2.65,3.8,0.0,True
CLM-0002134,-30,2024-08-05,50.68,54.84,445.3,474.4,1.236,2.53,3.92,0.0,True
CLM-0002134,-29,2024-08-06,47.5,50.28,413.5,426.1,1.468,2.62,4.06,0.0,True
CLM-0002134,-28,2024-08-07,44.37,47.92,402.5,428.9,1.3,2.22,3.54,0.0,True
CLM-0002134,-27,2024-08-08,49.27,53.05,419.3,445.2,0.992,2.82,3.95,0.0,True
CLM-0002134,-26,2024-08-09,48.88,52.62,439.0,478.5,1.101,1.92,3.03,0.0,True
CLM-0002134,-25,2024-08-10,47.56,51.56,408.5,446.0,1.108,2.37,3.26,0.0,True
CLM-0002134,-24,2024-08-11,46.97,49.4,419.4,442.3,1.246,2.84,4.47,0.0,True
CLM-0002134,-23,2024-08-12,,,,,,,,,False
CLM-0002134,-22,2024-08-13,48.02,52.21,413.0,431.6,1.031,2.23,3.56,0.0,True
CLM-0002134,-21,2024-08-14,47.0,49.13,435.0,457.6,1.288,3.32,4.92,1.0,True
CLM-0002134,-20,2024-08-15,50.68,55.54,408.2,443.6,1.35,2.97,4.62,0.0,True
CLM-0002134,-19,2024-08-16,49.78,52.02,400.9,429.2,1.185,2.46,3.22,0.0,True
CLM-0002134,-18,2024-08-17,47.78,50.4,408.4,437.5,1.231,2.01,2.49,0.0,True
CLM-0002134,-17,2024-08-18,49.8,52.61,410.9,442.3,1.055,1.59,2.52,0.0,True
CLM-0002134,-16,2024-08-19,48.54,49.99,431.5,448.5,1.122,2.68,4.42,0.0,True
CLM-0002134,-15,2024-08-20,48.21,49.67,425.7,445.0,1.128,2.91,3.99,0.0,True
CLM-0002134,-14,2024-08-21,48.64,52.55,428.6,457.8,1.284,2.56,3.84,0.0,True
CLM-0002134,-13,2024-08-22,52.29,53.57,420.4,439.2,1.238,1.72,2.71,0.0,True
CLM-0002134,-12,2024-08-23,50.04,55.56,410.7,423.5,1.151,2.46,3.51,0.0,True
CLM-0002134,-11,2024-08-24,48.15,51.06,408.4,424.7,1.145,2.21,3.21,0.0,True
CLM-0002134,-10,2024-08-25,50.54,52.51,426.5,459.9,0.905,2.46,3.88,0.0,True
CLM-0002134,-9,2024-08-26,50.47,53.89,443.8,465.8,1.441,3.18,4.8,0.0,True
CLM-0002134,-8,2024-08-27,49.27,49.81,405.9,432.7,0.887,2.72,4.11,0.0,True
CLM-0002134,-7,2024-08-28,48.09,50.76,404.7,421.5,1.263,2.63,3.65,0.0,True
CLM-0002134,-6,2024-08-29,47.96,50.76,403.0,431.0,1.206,2.38,3.56,0.0,True
CLM-0002134,-5,2024-08-30,46.6,48.33,432.5,455.3,1.16,2.57,3.73,0.0,True
CLM-0002134,-4,2024-08-31,49.11,51.48,419.4,447.9,1.199,2.11,3.06,0.0,True
CLM-0002134,-3,2024-09-01,47.53,52.06,428.3,449.5,1.101,2.62,3.77,0.0,True
CLM-0002134,-2,2024-09-02,47.88,51.06,412.4,441.4,1.298,2.32,3.48,0.0,True
CLM-0002134,-1,2024-09-03,50.0,53.4,429.3,450.1,1.003,2.07,2.85,0.0,True
CLM-0002134,0,2024-09-04,52.12,54.34,415.7,440.0,1.249,2.73,4.09,0.0,True
CLM-0001606,-89,2024-06-07,66.7,69.49,550.4,577.8,1.862,5.61,8.54,0.0,True
CLM-0001606,-88,2024-06-08,68.74,72.4,578.5,593.6,2.069,5.87,8.7,0.0,True
CLM-0001606,-87,2024-06-09,65.55,67.55,580.6,609.9,1.709,6.31,8.8,0.0,True
CLM-0001606,-86,2024-06-10,64.24,66.89,561.6,580.9,1.809,5.56,9.17,0.0,True
CLM-0001606,-85,2024-06-11,65.68,67.75,591.1,611.3,1.763,6.1,8.95,0.0,True
CLM-0001606,-84,2024-06-12,65.17,68.87,536.2,556.1,1.765,5.24,7.3,0.0,True
CLM-0001606,-83,2024-06-13,65.74,67.83,551.1,584.3,1.646,6.08,9.16,1.0,True
CLM-0001606,-82,2024-06-14,63.5,68.55,557.6,568.5,2.099,6.02,9.43,0.0,True
CLM-0001606,-81,2024-06-15,67.42,69.92,569.9,600.8,1.858,6.07,9.59,0.0,True
CLM-0001606,-80,2024-06-16,68.69,72.48,563.2,591.0,1.699,5.65,8.21,0.0,True
CLM-0001606,-79,2024-06-17,65.33,67.84,567.0,591.4,1.682,6.09,9.1,1.0,True
CLM-0001606,-78,2024-06-18,65.65,69.98,577.3,598.7,1.809,5.98,8.98,1.0,True
CLM-0001606,-77,2024-06-19,66.58,70.87,591.9,620.7,1.475,6.52,10.17,0.0,True
CLM-0001606,-76,2024-06-20,65.13,67.8,582.0,603.5,1.958,6.26,9.62,0.0,True
CLM-0001606,-75,2024-06-21,68.92,72.19,570.8,592.2,1.723,5.42,8.24,0.0,True
CLM-0001606,-74,2024-06-22,65.17,69.45,568.8,594.3,1.858,5.67,8.87,0.0,True
CLM-0001606,-73,2024-06-23,65.9,69.2,586.5,625.3,1.865,5.75,8.09,0.0,True
CLM-0001606,-72,2024-06-24,65.42,67.5,598.3,611.2,1.945,6.07,9.28,1.0,True
CLM-0001606,-71,2024-06-25,68.96,72.04,579.6,608.6,1.874,5.93,8.99,0.0,True
CLM-0001606,-70,2024-06-26,66.49,68.74,562.6,586.5,1.911,5.93,8.88,0.0,True
CLM-0001606,-69,2024-06-27,70.94,74.09,573.9,597.1,1.953,7.13,10.59,1.0,True
CLM-0001606,-68,2024-06-28,67.66,69.87,578.7,591.5,1.75,5.79,8.75,0.0,True
CLM-0001606,-67,2024-06-29,69.27,72.64,561.7,572.6,2.123,6.56,9.61,0.0,True
CLM-0001606,-66,2024-06-30,66.3,67.51,583.0,610.7,1.853,5.94,10.0,0.0,True
CLM-0001606,-65,2024-07-01,65.06,66.94,574.0,588.8,1.796,5.13,8.24,0.0,True
CLM-0001606,-64,2024-07-02,66.88,69.09,587.5,620.6,1.674,6.08,9.55,0.0,True
CLM-0001606,-63,2024-07-03,65.59,68.43,555.3,572.2,1.769,6.45,9.46,0.0,True
CLM-0001606,-62,2024-07-04,62.95,64.44,543.9,573.3,1.86,6.25,9.0,0.0,True
CLM-0001606,-61,2024-07-05,68.98,71.09,564.1,584.5,1.814,6.1,9.07,0.0,True
CLM-0001606,-60,2024-07-06,67.02,70.79,570.4,590.4,2.074,6.01,9.06,0.0,True
CLM-0001606,-59,2024-07-07,65.55,69.45,543.0,560.7,1.742,5.8,8.12,0.0,True
CLM-0001606,-58,2024-07-08,67.7,68.17,560.9,589.4,1.902,6.36,9.73,0.0,True
CLM-0001606,-57,2024-07-09,67.04,69.46,589.3,620.0,1.631,5.83,9.17,1.0,True
CLM-0001606,-56,2024-07-10,69.77,74.04,578.0,600.5,2.127,5.74,7.72,0.0,True
CLM-0001606,-55,2024-07-11,67.82,71.2,572.1,601.8,1.621,6.16,8.89,0.0,True
CLM-0001606,-54,2024-07-12,66.64,70.04,554.2,579.3,2.111,5.88,9.31,0.0,True
CLM-0001606,-53,2024-07-13,68.34,71.9,588.8,603.1,1.78,6.51,9.92,1.0,True
CLM-0001606,-52,2024-07-14,66.88,68.92,563.7,591.8,1.465,6.19,8.93,0.0,True
CLM-0001606,-51,2024-07-15,67.32,70.53,571.4,594.0,2.003,5.69,8.83,1.0,True
CLM-0001606,-50,2024-07-16,69.4,72.87,576.1,580.2,1.812,5.54,8.08,0.0,True
CLM-0001606,-49,2024-07-17,64.61,67.72,572.6,594.4,1.732,5.77,8.56,0.0,True
CLM-0001606,-48,2024-07-18,65.22,67.83,592.4,603.8,1.896,6.94,9.95,0.0,True
CLM-0001606,-47,2024-07-19,66.11,69.06,578.6,593.8,1.9,5.9,8.86,0.0,True
CLM-0001606,-46,2024-07-20,66.4,68.26,575.1,598.1,1.862,6.3,9.86,0.0,True
CLM-0001606,-45,2024-07-21,69.26,72.88,568.7,593.1,1.97,5.48,8.03,0.0,True
CLM-0001606,-44,2024-07-22,64.12,65.69,576.5,594.8,1.838,5.57,8.61,0.0,True
CLM-0001606,-43,2024-07-23,66.89,69.07,566.9,596.1,1.897,5.92,8.87,0.0,True
CLM-0001606,-42,2024-07-24,65.85,69.53,572.8,596.9,1.722,6.68,10.45,0.0,True
CLM-0001606,-41,2024-07-25,70.35,73.64,564.9,586.5,1.915,5.48,8.04,0.0,True
CLM-0001606,-40,2024-07-26,68.72,71.23,562.5,587.9,1.722,5.75,9.24,0.0,True
CLM-0001606,-39,2024-07-27,67.43,68.71,556.3,590.9,1.631,6.36,9.81,0.0,True
CLM-0001606,-38,2024-07-28,68.89,71.84,565.9,573.7,1.769,6.64,10.05,1.0,True
CLM-0001606,-37,2024-07-29,64.31,66.68,564.9,600.3,1.759,6.17,9.37,0.0,True
CLM-0001606,-36,2024-07-30,71.01,74.49,597.4,617.5,1.939,6.27,9.22,0.0,True
CLM-0001606,-35,2024-07-31,65.27,67.75,584.9,603.7,1.582,5.64,8.25,0.0,True
CLM-0001606,-34,2024-08-01,69.46,70.71,568.0,589.8,1.964,5.47,8.31,0.0,True
CLM-0001606,-33,2024-08-02,68.05,69.67,563.7,581.6,1.707,5.54,7.83,0.0,True
CLM-0001606,-32,2024-08-03,67.48,70.05,579.2,595.9,1.43,5.65,8.24,0.0,True
CLM-0001606,-31,2024-08-04,69.38,72.49,599.1,630.9,1.619,6.09,8.76,0.0,True
CLM-0001606,-30,2024-08-05,68.94,70.78,581.9,608.2,1.754,5.51,8.5,0.0,True
CLM-0001606,-29,2024-08-06,67.16,69.41,544.2,553.9,1.867,6.1,9.39,0.0,True
CLM-0001606,-28,2024-08-07,66.11,69.9,582.9,613.3,1.78,5.87,9.32,0.0,True
CLM-0001606,-27,2024-08-08,67.2,71.31,585.6,614.8,1.619,5.77,8.53,0.0,True
CLM-0001606,-26,2024-08-09,66.74,70.02,603.0,616.1,1.683,6.35,9.21,0.0,True
CLM-0001606,-25,2024-08-10,67.66,70.37,566.3,592.7,1.621,5.62,7.84,0.0,True
CLM-0001606,-24,2024-08-11,68.99,71.37,572.1,602.0,1.839,6.57,9.97,0.0,True
CLM-0001606,-23,2024-08-12,67.89,71.43,576.8,588.9,1.786,6.33,10.06,0.0,True
CLM-0001606,-22,2024-08-13,67.32,70.0,558.5,585.8,1.892,5.6,8.38,0.0,True
CLM-0001606,-21,2024-08-14,65.64,69.56,557.2,576.8,1.534,6.48,9.73,0.0,True
CLM-0001606,-20,2024-08-15,67.6,71.57,576.0,605.3,1.72,5.56,8.33,0.0,True
CLM-0001606,-19,2024-08-16,63.56,66.97,546.9,564.4,2.104,6.52,9.88,0.0,True
CLM-0001606,-18,2024-08-17,65.35,67.86,550.2,583.6,1.896,6.13,9.6,0.0,True
CLM-0001606,-17,2024-08-18,68.16,70.74,582.2,605.3,1.756,5.37,8.82,0.0,True
CLM-0001606,-16,2024-08-19,68.72,70.08,577.5,597.5,1.652,5.48,8.42,0.0,True
CLM-0001606,-15,2024-08-20,66.91,69.86,588.7,608.0,1.966,5.84,8.98,0.0,True
CLM-0001606,-14,2024-08-21,67.35,70.27,576.9,608.9,2.03,6.35,9.42,0.0,True
CLM-0001606,-13,2024-08-22,,,,,,,,,False
CLM-0001606,-12,2024-08-23,68.31,73.68,589.3,622.8,1.642,5.92,8.83,0.0,True
CLM-0001606,-11,2024-08-24,66.55,70.1,563.7,590.4,1.842,6.02,8.88,0.0,True
CLM-0001606,-10,2024-08-25,64.98,67.14,565.0,578.9,1.856,5.2,7.85,1.0,True
CLM-0001606,-9,2024-08-26,67.72,72.78,569.0,594.2,1.872,6.33,9.74,0.0,True
CLM-0001606,-8,2024-08-27,70.87,73.37,576.8,602.1,2.077,6.54,9.83,0.0,True
CLM-0001606,-7,2024-08-28,65.11,68.94,569.0,582.7,1.654,6.32,9.36,0.0,True
CLM-0001606,-6,2024-08-29,,,,,,,,,False
CLM-0001606,-5,2024-08-30,66.18,68.72,566.0,595.3,1.908,5.65,8.09,0.0,True
CLM-0001606,-4,2024-08-31,71.78,74.44,569.5,603.6,1.907,5.57,8.67,0.0,True
CLM-0001606,-3,2024-09-01,65.03,69.47,571.7,605.4,1.703,5.55,8.15,0.0,True
CLM-0001606,-2,2024-09-02,66.63,70.51,563.3,607.4,1.709,6.91,9.9,0.0,True
CLM-0001606,-1,2024-09-03,66.22,69.1,577.6,602.6,1.731,5.97,9.14,0.0,True
CLM-0001606,0,2024-09-04,64.44,65.39,545.8,575.3,2.056,6.36,9.75,0.0,True
CLM-0002652,-89,2024-06-07,55.04,56.93,533.9,558.0,1.348,3.82,5.71,0.0,True
CLM-0002652,-88,2024-06-08,60.02,63.94,543.2,559.2,1.351,3.11,5.26,0.0,True
CLM-0002652,-87,2024-06-09,54.47,58.06,496.2,519.1,1.345,4.0,6.22,0.0,True
CLM-0002652,-86,2024-06-10,59.93,62.7,534.5,571.3,1.012,3.32,5.45,0.0,True
CLM-0002652,-85,2024-06-11,59.67,65.38,522.5,564.6,1.071,3.75,5.52,0.0,True
CLM-0002652,-84,2024-06-12,54.68,57.66,540.3,563.6,0.994,3.85,5.36,0.0,True
CLM-0002652,-83,2024-06-13,58.32,61.38,513.0,541.4,0.984,3.5,5.12,0.0,True
CLM-0002652,-82,2024-06-14,57.16,59.48,539.0,567.2,1.429,3.96,5.91,0.0,True
CLM-0002652,-81,2024-06-15,55.43,57.62,509.2,520.4,1.052,3.54,5.32,0.0,True
CLM-0002652,-80,2024-06-16,55.98,58.45,531.0,546.8,1.031,3.74,5.54,0.0,True
CLM-0002652,-79,2024-06-17,56.78,60.63,529.3,535.7,1.192,3.49,5.41,0.0,True
CLM-0002652,-78,2024-06-18,56.97,60.54,522.7,551.3,1.088,2.85,4.07,0.0,True
CLM-0002652,-77,2024-06-19,59.24,63.53,509.5,550.1,1.539,3.55,5.05,0.0,True
CLM-0002652,-76,2024-06-20,57.39,59.68,519.5,553.0,1.159,3.25,4.51,0.0,True
CLM-0002652,-75,2024-06-21,54.71,58.3,538.8,564.2,1.267,4.16,6.3,0.0,True
CLM-0002652,-74,2024-06-22,57.74,61.04,547.3,571.5,1.083,3.05,4.61,0.0,True
CLM-0002652,-73,2024-06-23,52.75,56.19,554.3,576.5,0.951,4.09,6.46,0.0,True
CLM-0002652,-72,2024-06-24,55.48,57.61,532.9,566.4,1.091,3.53,5.76,0.0,True
CLM-0002652,-71,2024-06-25,55.67,57.63,528.8,555.5,1.092,3.76,5.28,0.0,True
CLM-0002652,-70,2024-06-26,57.57,61.11,531.7,557.2,1.091,3.05,4.58,0.0,True
CLM-0002652,-69,2024-06-27,59.79,63.66,553.9,570.1,0.96,3.48,5.15,0.0,True
CLM-0002652,-68,2024-06-28,56.69,59.07,532.8,562.6,1.22,3.33,4.54,0.0,True
CLM-0002652,-67,2024-06-29,55.53,59.14,526.3,550.1,1.149,4.44,6.5,0.0,True
CLM-0002652,-66,2024-06-30,54.85,59.05,520.9,549.0,0.969,3.32,5.46,0.0,True
CLM-0002652,-65,2024-07-01,,,,,,,,,False
CLM-0002652,-64,2024-07-02,55.86,57.42,530.8,542.7,1.314,4.07,5.86,0.0,True
CLM-0002652,-63,2024-07-03,55.24,56.93,513.7,536.4,1.38,4.06,6.07,0.0,True
CLM-0002652,-62,2024-07-04,58.15,60.48,515.6,537.1,0.837,3.36,5.32,0.0,True
CLM-0002652,-61,2024-07-05,58.59,61.14,524.0,544.8,1.09,4.32,6.39,0.0,True
CLM-0002652,-60,2024-07-06,54.33,57.3,518.2,534.3,0.994,4.4,6.65,0.0,True
CLM-0002652,-59,2024-07-07,53.26,56.24,533.9,553.1,1.102,3.75,4.93,0.0,True
CLM-0002652,-58,2024-07-08,56.05,58.78,535.1,551.3,1.408,3.41,5.29,0.0,True
CLM-0002652,-57,2024-07-09,53.97,57.65,528.9,560.5,1.091,3.26,4.95,0.0,True
CLM-0002652,-56,2024-07-10,53.7,55.94,532.3,560.4,1.129,3.79,5.95,0.0,True
CLM-0002652,-55,2024-07-11,54.17,58.43,526.8,554.2,1.076,3.63,4.88,0.0,True
CLM-0002652,-54,2024-07-12,58.34,62.28,468.1,477.7,1.444,3.67,5.42,0.0,True
CLM-0002652,-53,2024-07-13,57.55,61.42,511.9,552.5,0.855,3.06,4.88,0.0,True
CLM-0002652,-52,2024-07-14,61.16,63.51,535.6,557.3,1.117,3.61,5.25,0.0,True
CLM-0002652,-51,2024-07-15,54.97,57.85,512.4,551.4,1.07,4.06,6.1,0.0,True
CLM-0002652,-50,2024-07-16,58.91,62.63,537.8,568.8,0.942,3.93,5.77,0.0,True
CLM-0002652,-49,2024-07-17,57.24,60.04,538.7,561.8,1.365,3.43,5.04,0.0,True
CLM-0002652,-48,2024-07-18,55.14,57.44,521.0,562.4,0.93,3.56,5.68,0.0,True
CLM-0002652,-47,2024-07-19,55.96,58.22,516.1,545.7,1.131,3.01,4.09,0.0,True
CLM-0002652,-46,2024-07-20,,,,,,,,,False
CLM-0002652,-45,2024-07-21,56.77,58.61,524.3,546.2,1.087,3.46,5.27,0.0,True
CLM-0002652,-44,2024-07-22,58.22,64.09,534.4,567.7,0.94,3.85,6.06,0.0,True
CLM-0002652,-43,2024-07-23,55.51,56.56,489.9,510.6,1.175,3.32,4.94,0.0,True
CLM-0002652,-42,2024-07-24,57.95,59.97,514.0,536.0,1.086,3.19,5.07,0.0,True
CLM-0002652,-41,2024-07-25,58.79,62.39,509.8,530.0,1.321,3.9,5.84,0.0,True
CLM-0002652,-40,2024-07-26,59.24,61.56,487.2,506.2,1.277,3.43,5.18,0.0,True
CLM-0002652,-39,2024-07-27,53.9,56.55,517.6,537.0,1.492,3.26,4.92,0.0,True
CLM-0002652,-38,2024-07-28,56.15,59.55,502.5,541.7,1.216,3.92,6.08,0.0,True
CLM-0002652,-37,2024-07-29,57.67,61.7,519.2,552.2,1.288,3.78,5.84,0.0,True
CLM-0002652,-36,2024-07-30,54.08,56.8,517.7,544.6,1.146,3.52,4.94,0.0,True
CLM-0002652,-35,2024-07-31,53.63,57.55,531.8,552.4,1.457,3.46,5.25,0.0,True
CLM-0002652,-34,2024-08-01,56.2,57.5,521.2,541.8,1.202,3.75,5.79,0.0,True
CLM-0002652,-33,2024-08-02,55.42,57.82,499.6,521.7,1.185,3.82,6.16,0.0,True
CLM-0002652,-32,2024-08-03,55.91,59.4,530.2,569.5,1.281,3.68,5.22,0.0,True
CLM-0002652,-31,2024-08-04,55.31,60.28,561.3,588.6,1.103,3.65,5.63,0.0,True
CLM-0002652,-30,2024-08-05,60.57,62.6,541.1,572.1,1.125,3.36,4.93,0.0,True
CLM-0002652,-29,2024-08-06,55.33,57.19,535.2,561.8,1.281,3.38,5.13,0.0,True
CLM-0002652,-28,2024-08-07,57.42,60.76,522.1,540.0,1.31,3.53,4.97,0.0,True
CLM-0002652,-27,2024-08-08,57.29,60.34,517.6,543.5,1.29,3.22,4.82,0.0,True
CLM-0002652,-26,2024-08-09,52.87,55.15,516.6,533.0,1.188,3.17,4.85,0.0,True
CLM-0002652,-25,2024-08-10,59.18,60.97,528.6,563.2,1.241,3.56,5.06,0.0,True
CLM-0002652,-24,2024-08-11,57.5,59.99,508.0,527.0,1.344,4.0,6.43,0.0,True
CLM-0002652,-23,2024-08-12,56.56,60.09,528.3,548.7,1.036,2.77,3.69,0.0,True
CLM-0002652,-22,2024-08-13,58.36,61.03,515.0,546.6,1.2,3.44,5.33,0.0,True
CLM-0002652,-21,2024-08-14,56.15,60.33,499.3,518.7,0.763,3.71,4.83,0.0,True
CLM-0002652,-20,2024-08-15,58.01,60.88,514.8,538.1,1.311,4.03,5.97,0.0,True
CLM-0002652,-19,2024-08-16,52.5,56.1,543.8,547.7,1.083,4.32,6.62,0.0,True
CLM-0002652,-18,2024-08-17,57.89,61.16,527.1,549.5,1.087,3.5,5.46,0.0,True
CLM-0002652,-17,2024-08-18,56.62,59.21,471.7,501.5,1.182,4.39,6.55,0.0,True
CLM-0002652,-16,2024-08-19,56.65,60.48,514.9,534.9,1.293,3.78,5.6,0.0,True
CLM-0002652,-15,2024-08-20,54.57,56.35,538.5,568.0,1.559,3.93,6.06,0.0,True
CLM-0002652,-14,2024-08-21,55.81,58.26,520.5,545.4,0.967,3.17,5.05,0.0,True
CLM-0002652,-13,2024-08-22,55.75,58.34,532.9,566.6,1.073,3.78,6.09,0.0,True
CLM-0002652,-12,2024-08-23,53.97,57.35,519.1,538.2,1.234,3.96,5.55,0.0,True
CLM-0002652,-11,2024-08-24,56.97,60.6,527.8,550.8,1.091,3.32,4.93,0.0,True
CLM-0002652,-10,2024-08-25,59.4,61.58,525.5,538.8,1.325,2.56,3.18,0.0,True
CLM-0002652,-9,2024-08-26,53.41,55.45,515.3,539.6,1.175,3.66,5.08,0.0,True
CLM-0002652,-8,2024-08-27,57.23,60.31,533.6,555.2,1.333,3.51,5.06,0.0,True
CLM-0002652,-7,2024-08-28,55.41,56.87,548.0,580.7,1.163,4.14,6.47,0.0,True
CLM-0002652,-6,2024-08-29,55.18,59.19,530.8,550.8,1.282,3.38,4.93,0.0,True
CLM-0002652,-5,2024-08-30,56.4,59.18,526.6,548.2,1.056,3.32,4.89,0.0,True
CLM-0002652,-4,2024-08-31,56.43,58.26,512.4,532.0,1.491,3.13,4.79,0.0,True
CLM-0002652,-3,2024-09-01,56.62,58.43,539.1,564.3,0.945,3.35,4.82,0.0,True
CLM-0002652,-2,2024-09-02,53.99,57.3,517.3,558.2,1.094,4.67,6.4,0.0,True
CLM-0002652,-1,2024-09-03,58.43,61.72,533.4,530.4,0.987,2.97,4.22,0.0,True
CLM-0002652,0,2024-09-04,56.41,58.64,536.4,561.0,1.32,3.07,4.56,0.0,True
CLM-0003439,-89,2024-06-09,76.09,77.73,697.2,728.8,1.649,8.86,13.81,0.0,True
CLM-0003439,-88,2024-06-10,79.05,81.01,713.0,735.5,1.65,8.59,12.55,0.0,True
CLM-0003439,-87,2024-06-11,79.98,81.28,710.2,731.8,1.93,9.12,12.49,0.0,True
CLM-0003439,-86,2024-06-12,76.62,78.73,718.8,730.0,1.698,9.01,13.55,0.0,True
CLM-0003439,-85,2024-06-13,75.83,78.31,705.8,721.0,1.992,8.56,12.89,0.0,True
CLM-0003439,-84,2024-06-14,77.09,79.85,704.4,732.3,1.534,8.75,13.14,0.0,True
CLM-0003439,-83,2024-06-15,77.42,79.5,706.8,727.5,1.94,8.92,13.55,0.0,True
CLM-0003439,-82,2024-06-16,78.63,81.25,708.1,735.1,1.801,8.39,12.36,0.0,True
CLM-0003439,-81,2024-06-17,76.46,80.44,713.7,736.8,1.786,8.71,13.47,0.0,True
CLM-0003439,-80,2024-06-18,76.17,79.5,731.8,757.3,1.822,9.25,13.33,0.0,True
CLM-0003439,-79,2024-06-19,82.15,87.29,680.2,705.3,1.583,8.8,13.2,0.0,True
CLM-0003439,-78,2024-06-20,74.66,76.99,724.0,755.0,1.968,8.68,12.77,0.0,True
CLM-0003439,-77,2024-06-21,79.05,81.6,705.4,737.2,1.735,9.43,14.55,0.0,True
CLM-0003439,-76,2024-06-22,80.23,83.38,709.8,734.7,1.675,9.14,13.39,0.0,True
CLM-0003439,-75,2024-06-23,76.74,79.23,696.2,719.6,2.125,9.28,13.95,0.0,True
CLM-0003439,-74,2024-06-24,78.13,81.1,713.2,737.9,1.748,8.69,13.06,0.0,True
CLM-0003439,-73,2024-06-25,73.9,74.98,706.6,725.4,1.67,8.89,13.41,1.0,True
CLM-0003439,-72,2024-06-26,77.3,79.93,709.1,742.8,1.922,9.0,13.2,0.0,True
CLM-0003439,-71,2024-06-27,79.57,83.45,721.2,741.8,1.84,9.09,13.78,0.0,True
CLM-0003439,-70,2024-06-28,77.49,82.39,722.0,745.8,1.951,9.91,14.88,0.0,True
CLM-0003439,-69,2024-06-29,77.33,81.78,733.8,760.2,1.813,9.03,13.69,0.0,True
CLM-0003439,-68,2024-06-30,80.72,83.84,703.6,731.1,1.943,9.43,14.78,0.0,True
CLM-0003439,-67,2024-07-01,78.89,82.37,722.7,749.9,2.108,9.92,14.92,0.0,True
CLM-0003439,-66,2024-07-02,78.67,82.0,722.0,745.9,1.686,9.69,14.13,0.0,True
CLM-0003439,-65,2024-07-03,75.63,78.07,713.8,752.0,1.731,9.06,14.38,0.0,True
CLM-0003439,-64,2024-07-04,72.36,74.4,737.8,763.4,1.56,9.46,14.58,0.0,True
CLM-0003439,-63,2024-07-05,78.0,81.24,702.9,725.9,1.857,9.05,13.84,0.0,True
CLM-0003439,-62,2024-07-06,77.26,80.15,714.8,754.1,1.819,8.98,13.4,0.0,True
CLM-0003439,-61,2024-07-07,78.78,82.61,717.1,735.9,1.989,9.34,14.3,0.0,True
CLM-0003439,-60,2024-07-08,77.5,78.12,694.5,733.9,1.796,9.35,13.21,0.0,True
CLM-0003439,-59,2024-07-09,77.34,80.17,731.5,740.5,1.787,9.2,14.42,0.0,True
CLM-0003439,-58,2024-07-10,77.31,81.52,710.9,732.7,1.829,8.93,13.76,0.0,True
CLM-0003439,-57,2024-07-11,75.03,78.61,719.1,730.7,1.765,8.81,13.14,0.0,True
CLM-0003439,-56,2024-07-12,73.56,75.58,736.2,750.3,1.855,8.52,13.12,0.0,True
CLM-0003439,-55,2024-07-13,75.48,77.17,715.7,744.3,1.834,9.06,13.84,1.0,True
CLM-0003439,-54,2024-07-14,75.04,78.0,713.1,740.4,1.881,9.09,13.24,0.0,True
CLM-0003439,-53,2024-07-15,77.16,80.94,713.5,733.6,1.766,9.33,14.07,0.0,True
CLM-0003439,-52,2024-07-16,73.98,77.5,697.4,735.5,1.883,8.42,12.77,0.0,True
CLM-0003439,-51,2024-07-17,76.3,79.41,706.8,740.9,1.893,9.04,13.51,0.0,True
CLM-0003439,-50,2024-07-18,81.11,84.75,710.2,734.8,1.751,8.92,13.29,0.0,True
CLM-0003439,-49,2024-07-19,77.1,80.36,714.0,724.5,1.788,8.98,13.83,0.0,True
CLM-0003439,-48,2024-07-20,77.35,80.95,733.2,765.9,1.774,9.5,14.32,0.0,True
CLM-0003439,-47,2024-07-21,77.28,81.22,726.4,747.6,1.616,9.51,15.02,0.0,True
CLM-0003439,-46,2024-07-22,77.67,80.23,703.7,731.0,1.727,9.41,13.85,0.0,True
CLM-0003439,-45,2024-07-23,76.2,78.31,712.1,743.5,1.914,9.04,13.72,0.0,True
CLM-0003439,-44,2024-07-24,76.92,80.65,733.5,755.3,1.927,8.92,13.02,0.0,True
CLM-0003439,-43,2024-07-25,76.17,78.66,686.6,721.9,1.851,9.48,14.49,1.0,True
CLM-0003439,-42,2024-07-26,74.26,75.32,709.1,731.1,1.648,9.68,14.08,0.0,True
CLM-0003439,-41,2024-07-27,79.6,84.02,692.9,722.2,1.947,9.64,14.57,0.0,True
CLM-0003439,-40,2024-07-28,75.49,78.74,749.2,780.2,2.078,9.2,14.27,0.0,True
CLM-0003439,-39,2024-07-29,80.45,83.66,724.1,756.4,1.889,9.02,13.54,0.0,True
CLM-0003439,-38,2024-07-30,75.72,78.54,705.1,744.0,1.8,9.28,13.52,0.0,True
CLM-0003439,-37,2024-07-31,74.53,78.37,712.0,730.4,1.67,9.3,14.33,0.0,True
CLM-0003439,-36,2024-08-01,81.12,82.84,700.2,716.1,1.798,8.84,13.4,0.0,True
CLM-0003439,-35,2024-08-02,74.29,77.29,742.4,764.8,1.726,8.92,13.35,0.0,True
CLM-0003439,-34,2024-08-03,72.72,76.0,678.1,727.5,1.77,10.22,14.94,0.0,True
CLM-0003439,-33,2024-08-04,74.36,77.91,717.4,753.2,1.993,8.84,12.62,0.0,True
CLM-0003439,-32,2024-08-05,76.97,78.27,711.4,732.0,1.932,9.34,14.91,0.0,True
CLM-0003439,-31,2024-08-06,74.57,78.17,697.1,719.3,1.749,8.79,12.96,0.0,True
CLM-0003439,-30,2024-08-07,76.12,78.71,708.7,733.6,1.813,8.95,13.03,0.0,True
CLM-0003439,-29,2024-08-08,73.18,75.53,688.2,715.4,1.799,8.63,13.07,0.0,True
CLM-0003439,-28,2024-08-09,79.42,80.86,736.0,766.2,1.735,8.63,12.54,0.0,True
CLM-0003439,-27,2024-08-10,78.09,83.32,712.9,743.3,1.598,9.25,14.07,0.0,True
CLM-0003439,-26,2024-08-11,74.72,77.59,726.2,760.8,1.924,9.2,14.34,0.0,True
CLM-0003439,-25,2024-08-12,72.62,75.86,705.2,746.3,1.977,9.74,14.18,0.0,True
CLM-0003439,-24,2024-08-13,75.44,77.39,732.7,756.6,1.709,9.01,13.4,0.0,True
CLM-0003439,-23,2024-08-14,78.55,80.02,713.0,736.3,1.702,9.06,13.77,2.0,True
CLM-0003439,-22,2024-08-15,79.4,83.22,728.6,750.7,1.936,8.98,12.99,0.0,True
CLM-0003439,-21,2024-08-16,76.78,78.43,721.0,743.8,1.7,8.61,12.55,0.0,True
CLM-0003439,-20,2024-08-17,76.25,80.55,712.0,739.9,1.592,9.24,13.81,0.0,True
CLM-0003439,-19,2024-08-18,76.09,80.89,727.5,757.6,1.733,8.93,14.18,0.0,True
CLM-0003439,-18,2024-08-19,77.86,80.08,775.3,814.1,2.003,8.43,12.3,1.0,True
CLM-0003439,-17,2024-08-20,79.01,81.55,695.5,714.9,1.721,9.44,14.05,0.0,True
CLM-0003439,-16,2024-08-21,76.96,77.42,710.7,738.6,1.703,8.77,14.15,2.0,True
CLM-0003439,-15,2024-08-22,76.5,77.76,693.1,711.4,1.729,9.13,14.02,1.0,True
CLM-0003439,-14,2024-08-23,78.81,82.44,718.7,747.0,1.627,9.15,13.04,0.0,True
CLM-0003439,-13,2024-08-24,80.24,84.49,715.9,762.3,1.602,9.08,13.53,0.0,True
CLM-0003439,-12,2024-08-25,76.68,78.89,741.6,765.5,1.761,8.6,13.13,0.0,True
CLM-0003439,-11,2024-08-26,77.42,79.79,708.7,753.3,1.59,9.56,14.92,0.0,True
CLM-0003439,-10,2024-08-27,75.75,77.17,726.8,745.1,1.74,8.71,13.62,0.0,True
CLM-0003439,-9,2024-08-28,77.41,79.28,681.3,702.6,1.84,8.02,12.25,0.0,True
CLM-0003439,-8,2024-08-29,75.4,79.73,714.8,737.0,1.857,9.34,14.3,0.0,True
CLM-0003439,-7,2024-08-30,80.09,83.4,699.5,725.9,1.779,9.33,13.47,0.0,True
CLM-0003439,-6,2024-08-31,79.02,80.23,721.4,745.2,1.62,8.52,12.51,0.0,True
CLM-0003439,-5,2024-09-01,80.72,84.29,729.8,760.9,1.738,9.0,12.98,0.0,True
CLM-0003439,-4,2024-09-02,76.13,81.5,703.5,706.5,1.852,9.43,14.56,0.0,True
CLM-0003439,-3,2024-09-03,81.39,84.0,720.6,737.8,1.893,9.56,14.5,0.0,True
CLM-0003439,-2,2024-09-04,77.74,80.07,707.1,747.3,1.759,9.24,13.91,0.0,True
CLM-0003439,-1,2024-09-05,76.98,80.56,713.2,726.9,1.694,9.33,14.61,2.0,True
CLM-0003439,0,2024-09-06,79.77,83.77,718.7,740.8,1.812,9.29,14.15,0.0,True
CLM-0002711,-89,2024-06-10,47.96,51.9,443.0,468.8,1.161,2.39,4.05,0.0,True
CLM-0002711,-88,2024-06-11,47.72,50.77,411.1,445.2,1.596,2.54,3.59,0.0,True
CLM-0002711,-87,2024-06-12,48.83,50.03,419.3,451.0,1.142,2.43,3.84,0.0,True
CLM-0002711,-86,2024-06-13,50.73,54.46,424.4,450.4,1.263,2.25,2.98,0.0,True
CLM-0002711,-85,2024-06-14,46.87,50.66,425.6,440.0,0.901,1.84,2.82,0.0,True
CLM-0002711,-84,2024-06-15,43.7,46.66,403.6,436.2,1.025,3.14,4.67,0.0,True
CLM-0002711,-83,2024-06-16,51.23,52.39,402.8,418.7,1.246,2.51,3.33,0.0,True
CLM-0002711,-82,2024-06-17,47.43,51.34,399.9,421.7,1.16,2.63,4.51,0.0,True
CLM-0002711,-81,2024-06-18,47.6,49.58,413.6,438.0,1.163,2.13,2.93,0.0,True
CLM-0002711,-80,2024-06-19,47.66,50.3,415.2,433.7,1.151,2.28,3.14,0.0,True
CLM-0002711,-79,2024-06-20,46.09,48.52,413.2,431.6,1.172,2.87,4.11,0.0,True
CLM-0002711,-78,2024-06-21,47.96,49.52,423.8,455.9,0.943,1.52,1.62,0.0,True
CLM-0002711,-77,2024-06-22,48.19,51.2,399.3,435.9,1.187,2.71,3.96,0.0,True
CLM-0002711,-76,2024-06-23,49.62,52.82,407.2,431.6,1.167,2.3,3.26,0.0,True
CLM-0002711,-75,2024-06-24,,,,,,,,,False
CLM-0002711,-74,2024-06-25,43.87,46.66,432.3,459.5,1.325,3.07,4.69,0.0,True
CLM-0002711,-73,2024-06-26,,,,,,,,,False
CLM-0002711,-72,2024-06-27,50.98,55.45,425.1,453.0,1.09,1.32,1.78,0.0,True
CLM-0002711,-71,2024-06-28,47.07,50.26,406.0,433.4,1.47,1.96,3.59,0.0,True
CLM-0002711,-70,2024-06-29,49.84,51.91,420.6,430.6,1.336,2.41,3.33,0.0,True
CLM-0002711,-69,2024-06-30,47.32,50.76,408.4,430.3,1.274,3.06,4.84,0.0,True
CLM-0002711,-68,2024-07-01,50.38,53.74,408.9,438.8,1.125,2.24,3.16,0.0,True
CLM-0002711,-67,2024-07-02,48.95,52.56,425.5,449.8,1.311,3.02,4.23,0.0,True
CLM-0002711,-66,2024-07-03,45.85,48.82,410.3,426.5,0.973,1.47,2.04,0.0,True
CLM-0002711,-65,2024-07-04,46.41,48.79,418.4,448.7,1.115,2.2,3.74,0.0,True
CLM-0002711,-64,2024-07-05,45.77,47.4,416.0,427.6,1.252,2.82,3.78,0.0,True
CLM-0002711,-63,2024-07-06,50.57,53.04,402.4,429.3,1.291,2.78,4.36,0.0,True
CLM-0002711,-62,2024-07-07,46.23,47.58,411.3,432.0,1.232,1.62,2.79,0.0,True
CLM-0002711,-61,2024-07-08,48.01,51.31,411.6,440.0,1.259,2.06,2.93,0.0,True
CLM-0002711,-60,2024-07-09,48.59,49.98,414.3,437.4,1.225,2.34,3.82,0.0,True
CLM-0002711,-59,2024-07-10,49.19,51.84,393.0,421.8,1.153,2.13,3.45,0.0,True
CLM-0002711,-58,2024-07-11,47.83,51.56,409.1,444.9,1.401,2.87,4.06,0.0,True
CLM-0002711,-57,2024-07-12,45.6,48.36,433.7,464.2,1.478,2.41,3.32,0.0,True
CLM-0002711,-56,2024-07-13,46.34,49.28,426.6,457.0,1.192,1.82,2.69,0.0,True
CLM-0002711,-55,2024-07-14,46.65,50.09,414.0,443.7,1.024,2.58,3.91,0.0,True
CLM-0002711,-54,2024-07-15,43.45,46.97,402.3,413.6,1.165,2.61,3.8,0.0,True
CLM-0002711,-53,2024-07-16,49.61,53.65,421.5,447.2,1.213,1.94,3.08,0.0,True
CLM-0002711,-52,2024-07-17,49.76,53.32,434.5,461.7,0.869,2.04,2.83,0.0,True
CLM-0002711,-51,2024-07-18,46.61,49.96,442.8,472.2,1.401,2.12,2.9,0.0,True
CLM-0002711,-50,2024-07-19,51.36,52.4,412.1,436.5,1.104,2.95,4.42,0.0,True
CLM-0002711,-49,2024-07-20,48.54,51.78,404.1,434.8,1.076,2.36,3.62,0.0,True
CLM-0002711,-48,2024-07-21,50.44,55.1,427.2,444.6,1.149,1.52,2.67,0.0,True
CLM-0002711,-47,2024-07-22,50.3,53.95,425.4,466.3,1.129,1.92,3.01,0.0,True
CLM-0002711,-46,2024-07-23,48.48,52.45,420.2,449.6,1.209,2.69,4.24,0.0,True
CLM-0002711,-45,2024-07-24,44.69,47.02,410.5,428.1,1.318,2.24,3.25,0.0,True
CLM-0002711,-44,2024-07-25,49.15,52.08,400.4,436.2,1.391,1.91,2.76,0.0,True
CLM-0002711,-43,2024-07-26,49.8,53.37,430.1,446.2,1.319,2.25,3.18,0.0,True
CLM-0002711,-42,2024-07-27,47.44,50.89,433.4,458.5,1.059,2.79,4.24,0.0,True
CLM-0002711,-41,2024-07-28,49.07,52.86,414.6,440.5,1.184,3.27,4.95,0.0,True
CLM-0002711,-40,2024-07-29,48.69,50.56,445.7,467.4,1.216,2.38,3.59,1.0,True
CLM-0002711,-39,2024-07-30,46.84,49.05,423.5,447.6,1.246,2.6,3.83,0.0,True
CLM-0002711,-38,2024-07-31,48.55,50.26,417.4,442.9,1.273,2.36,3.53,0.0,True
CLM-0002711,-37,2024-08-01,47.73,50.99,402.3,418.7,1.212,2.49,4.23,0.0,True
CLM-0002711,-36,2024-08-02,49.5,52.31,394.5,421.7,1.187,2.03,3.13,0.0,True
CLM-0002711,-35,2024-08-03,47.57,50.38,412.3,437.3,1.337,2.98,4.64,0.0,True
CLM-0002711,-34,2024-08-04,47.33,49.65,425.5,466.1,1.18,2.22,3.47,0.0,True
CLM-0002711,-33,2024-08-05,45.47,47.63,455.0,491.9,1.344,1.96,2.89,0.0,True
CLM-0002711,-32,2024-08-06,53.16,56.16,421.0,440.1,1.322,2.09,3.3,0.0,True
CLM-0002711,-31,2024-08-07,47.84,51.95,428.9,452.8,1.418,2.67,4.01,0.0,True
CLM-0002711,-30,2024-08-08,46.49,51.06,407.6,427.0,1.233,2.12,2.81,0.0,True
CLM-0002711,-29,2024-08-09,49.96,54.53,423.1,446.1,1.417,3.01,4.34,0.0,True
CLM-0002711,-28,2024-08-10,49.12,51.66,421.2,453.0,1.154,2.66,4.58,0.0,True
CLM-0002711,-27,2024-08-11,49.85,51.66,405.8,430.0,1.252,2.74,4.47,0.0,True
CLM-0002711,-26,2024-08-12,50.06,53.94,440.1,461.1,1.315,2.23,3.26,0.0,True
CLM-0002711,-25,2024-08-13,50.94,55.22,418.0,447.8,1.048,2.15,3.43,0.0,True
CLM-0002711,-24,2024-08-14,46.62,50.04,436.6,446.1,1.141,2.41,3.69,0.0,True
CLM-0002711,-23,2024-08-15,49.04,52.02,420.1,442.1,1.1,1.93,3.41,0.0,True
CLM-0002711,-22,2024-08-16,45.59,47.97,415.0,451.0,1.191,2.59,3.84,0.0,True
CLM-0002711,-21,2024-08-17,48.14,51.74,408.3,444.6,1.12,2.77,4.22,0.0,True
CLM-0002711,-20,2024-08-18,50.09,53.67,414.7,450.2,1.216,2.12,2.95,0.0,True
CLM-0002711,-19,2024-08-19,46.96,50.24,442.0,457.1,1.188,2.68,3.97,0.0,True
CLM-0002711,-18,2024-08-20,53.21,55.11,406.5,421.6,1.158,2.5,2.93,0.0,True
CLM-0002711,-17,2024-08-21,48.79,50.79,430.0,451.0,1.223,2.85,4.35,0.0,True
CLM-0002711,-16,2024-08-22,45.13,48.04,415.3,440.4,1.098,3.06,4.89,0.0,True
CLM-0002711,-15,2024-08-23,50.16,54.2,428.8,448.0,1.071,2.71,4.58,0.0,True
CLM-0002711,-14,2024-08-24,53.19,57.1,423.1,434.7,1.021,2.38,3.71,0.0,True
CLM-0002711,-13,2024-08-25,,,,,,,,,False
CLM-0002711,-12,2024-08-26,50.18,51.35,422.5,453.6,1.098,2.42,3.38,0.0,True
CLM-0002711,-11,2024-08-27,46.77,51.11,452.5,472.8,1.281,2.29,3.3,0.0,True
CLM-0002711,-10,2024-08-28,48.64,52.88,424.6,455.3,1.17,2.16,2.75,0.0,True
CLM-0002711,-9,2024-08-29,46.13,49.26,433.9,466.5,1.202,2.44,3.58,0.0,True
CLM-0002711,-8,2024-08-30,50.46,53.03,424.5,430.4,1.139,2.8,3.84,0.0,True
CLM-0002711,-7,2024-08-31,48.11,50.81,431.8,462.0,1.49,1.99,2.8,0.0,True
CLM-0002711,-6,2024-09-01,51.07,55.0,409.2,433.7,1.225,1.9,2.79,0.0,True
CLM-0002711,-5,2024-09-02,69.44,72.98,418.2,423.1,2.215,5.11,2.97,0.0,True
CLM-0002711,-4,2024-09-03,71.09,73.66,433.2,466.3,2.141,6.01,3.72,0.0,True
CLM-0002711,-3,2024-09-04,,,,,,,,,False
CLM-0002711,-2,2024-09-05,,,,,,,,,False
CLM-0002711,-1,2024-09-06,,,,,,,,,False
CLM-0002711,0,2024-09-07,,,,,,,,,False
CLM-0001155,-89,2024-06-13,44.01,48.01,380.4,409.2,1.229,1.08,1.44,0.0,True
CLM-0001155,-88,2024-06-14,44.61,45.55,401.0,424.5,1.063,1.92,3.29,0.0,True
CLM-0001155,-87,2024-06-15,47.87,50.41,413.4,459.9,1.178,2.27,3.23,0.0,True
CLM-0001155,-86,2024-06-16,49.65,53.08,381.0,397.8,1.144,0.87,1.54,0.0,True
CLM-0001155,-85,2024-06-17,45.96,49.03,406.9,444.4,1.506,1.33,2.08,0.0,True
CLM-0001155,-84,2024-06-18,44.3,47.33,399.9,421.6,1.25,2.04,3.23,0.0,True
CLM-0001155,-83,2024-06-19,43.15,44.52,403.8,426.9,1.272,2.19,3.37,0.0,True
CLM-0001155,-82,2024-06-20,43.48,45.98,396.8,415.1,1.066,1.87,3.02,0.0,True
CLM-0001155,-81,2024-06-21,44.48,47.09,385.4,411.3,0.821,1.97,3.4,0.0,True
CLM-0001155,-80,2024-06-22,47.22,49.32,367.4,385.4,1.106,2.35,3.26,0.0,True
CLM-0001155,-79,2024-06-23,42.9,47.0,377.9,401.0,0.953,1.59,2.84,0.0,True
CLM-0001155,-78,2024-06-24,45.67,48.29,395.4,410.3,1.229,1.42,2.05,0.0,True
CLM-0001155,-77,2024-06-25,43.9,46.05,382.1,391.2,1.237,1.7,2.01,0.0,True
CLM-0001155,-76,2024-06-26,46.87,51.83,356.5,379.7,1.227,1.87,3.01,0.0,True
CLM-0001155,-75,2024-06-27,44.19,47.64,376.2,411.7,1.185,1.93,3.14,0.0,True
CLM-0001155,-74,2024-06-28,43.43,46.59,368.5,395.4,1.063,2.11,3.31,0.0,True
CLM-0001155,-73,2024-06-29,43.56,46.43,389.0,412.6,1.086,2.47,3.6,0.0,True
CLM-0001155,-72,2024-06-30,48.42,50.74,398.1,443.9,1.258,1.87,2.53,1.0,True
CLM-0001155,-71,2024-07-01,44.85,47.01,388.4,394.8,1.494,1.3,1.79,0.0,True
CLM-0001155,-70,2024-07-02,47.12,48.95,362.9,390.1,1.232,1.49,2.29,0.0,True
CLM-0001155,-69,2024-07-03,45.63,48.3,379.4,397.3,1.251,1.86,2.7,0.0,True
CLM-0001155,-68,2024-07-04,46.15,47.63,369.5,394.8,1.481,2.38,3.26,0.0,True
CLM-0001155,-67,2024-07-05,44.19,48.09,383.1,401.7,1.193,2.06,3.01,0.0,True
CLM-0001155,-66,2024-07-06,44.71,47.04,396.6,416.2,1.055,1.44,1.92,0.0,True
CLM-0001155,-65,2024-07-07,42.82,46.67,386.7,413.8,1.253,1.54,2.11,0.0,True
CLM-0001155,-64,2024-07-08,42.92,45.08,385.7,409.2,1.445,1.68,2.74,0.0,True
CLM-0001155,-63,2024-07-09,44.46,47.84,408.9,428.0,1.331,1.83,2.39,0.0,True
CLM-0001155,-62,2024-07-10,44.25,45.84,371.8,386.0,1.229,1.69,2.64,0.0,True
CLM-0001155,-61,2024-07-11,44.64,47.0,402.0,433.1,0.911,1.45,2.01,0.0,True
CLM-0001155,-60,2024-07-12,46.47,48.95,380.8,403.8,0.968,1.5,2.33,0.0,True
CLM-0001155,-59,2024-07-13,48.64,51.89,422.9,438.0,1.25,1.77,2.38,0.0,True
CLM-0001155,-58,2024-07-14,42.94,44.69,389.5,400.8,1.147,1.88,2.76,0.0,True
CLM-0001155,-57,2024-07-15,45.68,50.13,358.2,385.4,1.186,1.41,1.86,0.0,True
CLM-0001155,-56,2024-07-16,43.75,46.72,379.6,402.0,1.346,1.93,2.98,0.0,True
CLM-0001155,-55,2024-07-17,41.61,44.54,366.2,392.4,1.011,2.53,3.24,0.0,True
CLM-0001155,-54,2024-07-18,49.64,51.19,417.2,462.4,1.106,1.88,2.79,0.0,True
CLM-0001155,-53,2024-07-19,44.78,48.08,374.5,405.9,1.38,1.91,2.47,0.0,True
CLM-0001155,-52,2024-07-20,44.16,48.26,404.0,428.6,1.012,1.25,1.68,0.0,True
CLM-0001155,-51,2024-07-21,46.7,48.77,399.5,410.9,1.374,2.09,3.04,0.0,True
CLM-0001155,-50,2024-07-22,49.73,52.13,367.7,405.6,1.253,1.57,2.56,0.0,True
CLM-0001155,-49,2024-07-23,45.53,48.27,362.3,387.9,1.181,2.23,2.83,0.0,True
CLM-0001155,-48,2024-07-24,50.0,52.68,400.0,444.5,1.222,2.52,3.22,0.0,True
CLM-0001155,-47,2024-07-25,44.89,46.94,380.0,398.4,1.255,1.53,2.63,0.0,True
CLM-0001155,-46,2024-07-26,46.97,50.36,385.3,399.9,1.299,1.54,2.2,0.0,True
CLM-0001155,-45,2024-07-27,43.31,47.48,387.5,424.0,0.894,2.01,2.49,0.0,True
CLM-0001155,-44,2024-07-28,,,,,,,,,False
CLM-0001155,-43,2024-07-29,45.55,47.65,384.0,418.9,1.237,1.84,2.61,0.0,True
CLM-0001155,-42,2024-07-30,47.59,49.47,402.2,417.4,1.373,1.68,2.35,0.0,True
CLM-0001155,-41,2024-07-31,43.95,49.37,358.6,373.7,1.267,1.77,2.72,0.0,True
CLM-0001155,-40,2024-08-01,46.82,49.37,397.3,414.0,1.527,0.99,0.97,0.0,True
CLM-0001155,-39,2024-08-02,45.71,49.21,381.7,384.5,1.093,2.0,3.01,0.0,True
CLM-0001155,-38,2024-08-03,44.41,45.74,367.9,388.8,1.443,2.78,4.03,0.0,True
CLM-0001155,-37,2024-08-04,46.42,48.66,390.2,400.2,1.071,1.63,2.43,0.0,True
CLM-0001155,-36,2024-08-05,43.39,47.46,384.7,410.3,1.282,1.22,2.1,0.0,True
CLM-0001155,-35,2024-08-06,47.03,49.15,405.4,429.7,1.359,2.12,3.47,0.0,True
CLM-0001155,-34,2024-08-07,44.52,46.69,376.6,394.5,1.203,1.45,2.65,0.0,True
CLM-0001155,-33,2024-08-08,46.44,49.8,404.3,433.4,0.908,1.81,2.14,0.0,True
CLM-0001155,-32,2024-08-09,45.41,47.75,384.4,410.7,1.22,1.52,2.37,0.0,True
CLM-0001155,-31,2024-08-10,45.18,48.72,391.5,427.1,1.129,1.23,2.07,0.0,True
CLM-0001155,-30,2024-08-11,38.23,40.56,379.7,419.5,1.335,1.92,2.7,0.0,True
CLM-0001155,-29,2024-08-12,43.86,46.76,370.6,396.6,1.067,1.52,2.27,0.0,True
CLM-0001155,-28,2024-08-13,43.01,46.66,399.2,427.6,1.118,1.16,2.13,0.0,True
CLM-0001155,-27,2024-08-14,46.1,48.64,384.3,414.0,1.099,1.92,2.8,0.0,True
CLM-0001155,-26,2024-08-15,44.54,46.28,380.1,420.5,1.153,2.95,4.8,0.0,True
CLM-0001155,-25,2024-08-16,41.66,44.22,399.9,413.7,1.213,2.21,3.28,0.0,True
CLM-0001155,-24,2024-08-17,46.13,48.13,407.5,427.9,1.286,1.78,2.8,0.0,True
CLM-0001155,-23,2024-08-18,44.67,47.17,377.0,391.0,1.274,3.01,4.79,0.0,True
CLM-0001155,-22,2024-08-19,44.88,47.89,409.6,429.6,1.008,1.1,1.31,0.0,True
CLM-0001155,-21,2024-08-20,45.92,48.92,373.3,395.2,1.07,2.03,3.16,0.0,True
CLM-0001155,-20,2024-08-21,45.51,49.41,388.2,406.2,1.112,2.53,3.64,0.0,True
CLM-0001155,-19,2024-08-22,49.03,51.24,397.9,426.3,1.148,1.39,2.44,0.0,True
CLM-0001155,-18,2024-08-23,46.82,49.8,333.4,362.4,1.07,1.92,2.78,0.0,True
CLM-0001155,-17,2024-08-24,45.14,49.51,370.3,395.3,1.088,1.55,2.22,0.0,True
CLM-0001155,-16,2024-08-25,45.66,48.98,378.6,406.1,1.395,1.66,2.24,0.0,True
CLM-0001155,-15,2024-08-26,44.57,48.51,389.0,428.2,1.246,1.96,2.93,0.0,True
CLM-0001155,-14,2024-08-27,44.03,46.97,385.0,412.9,1.034,1.09,1.8,0.0,True
CLM-0001155,-13,2024-08-28,46.77,50.57,347.9,362.3,1.26,1.4,2.11,0.0,True
CLM-0001155,-12,2024-08-29,48.23,51.05,379.1,397.7,1.138,1.82,3.38,0.0,True
CLM-0001155,-11,2024-08-30,44.67,46.26,361.4,379.5,1.477,1.1,1.51,0.0,True
CLM-0001155,-10,2024-08-31,46.09,49.74,375.6,412.0,1.105,1.65,2.22,0.0,True
CLM-0001155,-9,2024-09-01,43.18,46.55,379.7,400.7,1.126,1.19,1.75,0.0,True
CLM-0001155,-8,2024-09-02,46.3,49.33,388.1,404.8,1.156,1.21,1.92,0.0,True
CLM-0001155,-7,2024-09-03,43.15,45.2,378.1,394.0,1.034,2.17,2.87,0.0,True
CLM-0001155,-6,2024-09-04,45.41,49.97,385.3,405.7,1.269,1.84,3.15,0.0,True
CLM-0001155,-5,2024-09-05,45.89,49.69,376.7,396.8,1.207,1.71,2.49,0.0,True
CLM-0001155,-4,2024-09-06,47.64,50.01,389.8,408.7,1.251,1.62,2.94,0.0,True
CLM-0001155,-3,2024-09-07,54.09,58.51,365.2,397.2,1.204,5.23,3.29,0.0,True
CLM-0001155,-2,2024-09-08,61.41,65.78,383.8,406.4,1.228,4.91,2.61,0.0,True
CLM-0001155,-1,2024-09-09,60.63,63.43,367.7,392.0,1.443,4.8,2.24,0.0,True
CLM-0001155,0,2024-09-10,59.26,61.41,378.8,409.8,1.282,5.52,3.02,1.0,True
CLM-0003565,-89,2024-06-16,56.35,57.95,424.3,471.4,1.424,3.91,5.72,0.0,True
CLM-0003565,-88,2024-06-17,60.57,62.8,410.4,432.1,1.04,3.99,5.89,0.0,True
CLM-0003565,-87,2024-06-18,56.81,58.58,411.8,438.2,1.246,3.64,5.74,0.0,True
CLM-0003565,-86,2024-06-19,54.84,57.57,433.3,457.8,1.357,3.91,5.78,0.0,True
CLM-0003565,-85,2024-06-20,57.03,59.03,437.9,456.6,1.003,3.84,6.12,0.0,True
CLM-0003565,-84,2024-06-21,57.95,62.14,447.0,473.5,1.292,4.46,6.64,0.0,True
CLM-0003565,-83,2024-06-22,55.47,59.99,420.8,451.7,1.198,3.81,6.18,0.0,True
CLM-0003565,-82,2024-06-23,59.13,62.02,437.1,466.3,1.117,3.96,6.31,0.0,True
CLM-0003565,-81,2024-06-24,53.31,55.22,415.6,445.9,0.871,3.55,5.16,0.0,True
CLM-0003565,-80,2024-06-25,55.7,60.45,427.1,445.6,1.268,3.55,5.57,0.0,True
CLM-0003565,-79,2024-06-26,56.59,58.76,421.7,447.1,1.099,3.98,5.58,0.0,True
CLM-0003565,-78,2024-06-27,58.51,61.65,446.3,458.4,1.143,3.44,5.18,0.0,True
CLM-0003565,-77,2024-06-28,59.38,62.67,410.8,421.9,1.41,3.93,5.9,0.0,True
CLM-0003565,-76,2024-06-29,59.33,61.27,407.8,446.3,1.195,3.7,5.05,0.0,True
CLM-0003565,-75,2024-06-30,56.87,59.37,420.8,446.6,1.236,4.05,5.54,0.0,True
CLM-0003565,-74,2024-07-01,58.82,63.59,391.2,421.0,1.493,3.02,4.89,0.0,True
CLM-0003565,-73,2024-07-02,,,,,,,,,False
CLM-0003565,-72,2024-07-03,56.81,60.23,383.3,407.9,1.08,3.14,4.76,0.0,True
CLM-0003565,-71,2024-07-04,55.55,59.29,406.9,442.5,1.39,4.52,6.69,0.0,True
CLM-0003565,-70,2024-07-05,57.02,60.37,420.0,443.7,1.211,3.83,6.13,0.0,True
CLM-0003565,-69,2024-07-06,59.08,63.01,395.3,402.9,1.123,4.01,5.56,0.0,True
CLM-0003565,-68,2024-07-07,56.73,60.19,423.9,450.1,1.065,3.78,5.93,0.0,True
CLM-0003565,-67,2024-07-08,55.79,58.58,387.3,419.6,1.157,3.83,6.34,0.0,True
CLM-0003565,-66,2024-07-09,58.86,64.95,418.9,432.5,1.342,3.42,4.89,0.0,True
CLM-0003565,-65,2024-07-10,55.67,58.01,431.1,453.6,1.116,4.05,5.78,0.0,True
CLM-0003565,-64,2024-07-11,57.67,60.21,437.5,471.3,1.225,3.98,6.08,0.0,True
CLM-0003565,-63,2024-07-12,57.33,61.65,443.0,474.9,1.074,3.97,6.15,0.0,True
CLM-0003565,-62,2024-07-13,58.36,62.08,406.8,430.6,1.414,4.4,6.21,0.0,True
CLM-0003565,-61,2024-07-14,58.16,60.69,413.9,432.6,0.993,3.24,4.75,0.0,True
CLM-0003565,-60,2024-07-15,57.88,60.33,409.6,434.4,1.053,3.83,6.21,0.0,True
CLM-0003565,-59,2024-07-16,55.9,58.84,432.8,459.6,1.101,3.2,5.38,0.0,True
CLM-0003565,-58,2024-07-17,55.52,58.78,423.1,453.9,0.996,4.27,6.35,0.0,True
CLM-0003565,-57,2024-07-18,57.2,60.15,419.8,443.5,1.279,4.09,6.18,0.0,True
CLM-0003565,-56,2024-07-19,57.03,59.45,419.1,456.3,1.302,3.71,5.65,0.0,True
CLM-0003565,-55,2024-07-20,61.5,65.13,428.5,455.2,1.297,4.16,5.4,0.0,True
CLM-0003565,-54,2024-07-21,57.27,60.28,407.2,429.2,1.303,4.0,5.77,0.0,True
CLM-0003565,-53,2024-07-22,56.74,60.57,431.9,452.3,0.977,3.21,4.79,0.0,True
CLM-0003565,-52,2024-07-23,55.43,58.53,424.9,442.9,1.239,4.06,6.8,0.0,True
CLM-0003565,-51,2024-07-24,54.52,55.96,435.7,468.7,1.407,3.46,5.31,0.0,True
CLM-0003565,-50,2024-07-25,53.54,56.99,414.6,437.8,1.149,3.86,6.23,0.0,True
CLM-0003565,-49,2024-07-26,54.41,58.35,420.8,422.7,1.362,4.18,6.21,0.0,True
CLM-0003565,-48,2024-07-27,55.98,59.34,436.4,458.1,1.176,3.82,5.86,0.0,True
CLM-0003565,-47,2024-07-28,58.49,59.87,402.7,437.4,1.181,3.77,5.37,0.0,True
CLM-0003565,-46,2024-07-29,57.4,60.66,438.2,459.4,1.019,4.37,6.11,0.0,True
CLM-0003565,-45,2024-07-30,54.6,57.1,416.1,430.1,1.128,3.87,5.47,0.0,True
CLM-0003565,-44,2024-07-31,55.35,58.38,431.7,452.7,1.393,3.7,5.41,0.0,True
CLM-0003565,-43,2024-08-01,56.34,59.81,432.2,461.7,1.104,3.17,4.72,0.0,True
CLM-0003565,-42,2024-08-02,55.87,58.6,417.3,440.2,1.484,3.81,5.52,0.0,True
CLM-0003565,-41,2024-08-03,54.85,58.46,420.5,437.8,1.175,4.08,5.41,0.0,True
CLM-0003565,-40,2024-08-04,51.63,55.09,399.7,429.2,1.402,4.4,6.79,0.0,True
CLM-0003565,-39,2024-08-05,54.43,57.76,393.1,427.1,1.202,3.17,4.49,0.0,True
CLM-0003565,-38,2024-08-06,54.54,57.16,421.6,458.1,0.853,3.98,5.95,0.0,True
CLM-0003565,-37,2024-08-07,,,,,,,,,False
CLM-0003565,-36,2024-08-08,59.35,63.8,417.3,440.7,1.092,3.63,5.72,0.0,True
CLM-0003565,-35,2024-08-09,52.8,55.77,388.8,417.1,1.097,4.46,6.14,0.0,True
CLM-0003565,-34,2024-08-10,58.06,60.57,412.9,447.7,1.012,3.46,5.44,0.0,True
CLM-0003565,-33,2024-08-11,58.99,61.58,412.5,445.6,1.052,4.53,6.63,0.0,True
CLM-0003565,-32,2024-08-12,55.01,58.8,414.7,438.9,1.291,3.86,5.65,0.0,True
CLM-0003565,-31,2024-08-13,53.3,56.39,404.7,421.8,1.594,4.11,6.14,0.0,True
CLM-0003565,-30,2024-08-14,59.83,62.59,409.1,435.9,1.231,3.64,5.4,0.0,True
CLM-0003565,-29,2024-08-15,56.18,58.43,397.6,422.2,1.148,3.19,5.16,0.0,True
CLM-0003565,-28,2024-08-16,59.1,62.49,450.9,479.3,0.829,3.76,5.79,0.0,True
CLM-0003565,-27,2024-08-17,56.72,60.33,445.1,461.2,1.497,4.06,6.45,0.0,True
CLM-0003565,-26,2024-08-18,59.5,62.42,405.6,425.2,1.36,3.58,5.48,0.0,True
CLM-0003565,-25,2024-08-19,57.48,60.75,420.7,452.6,1.131,3.69,5.45,0.0,True
CLM-0003565,-24,2024-08-20,55.83,59.32,411.1,437.4,1.247,3.83,5.67,0.0,True
CLM-0003565,-23,2024-08-21,55.59,59.5,417.6,433.0,1.129,3.19,4.27,0.0,True
CLM-0003565,-22,2024-08-22,55.39,57.51,426.0,461.2,1.024,3.69,6.06,0.0,True
CLM-0003565,-21,2024-08-23,56.15,58.43,422.9,445.3,1.14,3.88,5.75,0.0,True
CLM-0003565,-20,2024-08-24,56.42,59.01,434.7,462.6,1.329,3.59,4.81,0.0,True
CLM-0003565,-19,2024-08-25,57.29,60.31,412.3,433.3,1.255,4.3,6.09,0.0,True
CLM-0003565,-18,2024-08-26,55.76,58.29,420.2,447.2,1.167,3.89,5.32,0.0,True
CLM-0003565,-17,2024-08-27,60.07,62.78,382.9,418.2,1.298,2.95,4.16,0.0,True
CLM-0003565,-16,2024-08-28,59.78,63.5,422.4,457.7,1.152,3.6,5.52,0.0,True
CLM-0003565,-15,2024-08-29,,,,,,,,,False
CLM-0003565,-14,2024-08-30,60.26,62.46,401.0,422.0,1.043,3.46,5.54,0.0,True
CLM-0003565,-13,2024-08-31,59.48,61.79,439.1,469.1,1.146,4.41,6.39,0.0,True
CLM-0003565,-12,2024-09-01,55.97,60.21,439.3,450.7,1.319,4.05,5.97,0.0,True
CLM-0003565,-11,2024-09-02,57.52,60.59,404.9,432.3,1.308,3.65,5.41,0.0,True
CLM-0003565,-10,2024-09-03,56.45,59.67,445.7,485.4,1.099,3.61,5.05,0.0,True
CLM-0003565,-9,2024-09-04,59.46,61.62,430.9,446.0,1.069,3.67,5.68,0.0,True
CLM-0003565,-8,2024-09-05,54.84,57.34,427.2,445.4,1.277,3.57,4.88,0.0,True
CLM-0003565,-7,2024-09-06,53.74,54.16,402.6,426.3,1.415,3.52,5.7,0.0,True
CLM-0003565,-6,2024-09-07,56.54,59.58,447.3,470.2,1.335,4.0,5.64,0.0,True
CLM-0003565,-5,2024-09-08,54.87,57.18,430.9,462.4,1.023,2.97,4.41,0.0,True
CLM-0003565,-4,2024-09-09,54.92,56.29,408.1,439.0,1.099,4.01,5.76,0.0,True
CLM-0003565,-3,2024-09-10,56.21,59.5,385.2,393.8,1.037,3.19,5.07,0.0,True
CLM-0003565,-2,2024-09-11,55.69,57.74,402.5,419.0,1.412,4.0,5.62,0.0,True
CLM-0003565,-1,2024-09-12,55.99,59.07,422.4,446.0,1.191,4.23,6.72,0.0,True
CLM-0003565,0,2024-09-13,56.15,59.42,416.8,437.1,1.154,3.38,5.68,0.0,True
CLM-0003772,-89,2024-06-17,49.1,52.38,428.1,448.0,1.225,2.75,3.77,0.0,True
CLM-0003772,-88,2024-06-18,48.16,50.43,400.5,422.0,1.428,2.48,3.57,0.0,True
CLM-0003772,-87,2024-06-19,47.34,50.58,411.7,435.5,1.381,2.82,4.57,0.0,True
CLM-0003772,-86,2024-06-20,48.31,49.71,427.1,456.0,1.01,2.84,4.34,0.0,True
CLM-0003772,-85,2024-06-21,45.7,47.57,424.7,447.5,1.045,1.93,2.72,0.0,True
CLM-0003772,-84,2024-06-22,45.68,48.26,421.0,461.7,0.781,1.62,2.32,1.0,True
CLM-0003772,-83,2024-06-23,48.24,49.76,438.9,462.9,1.229,2.81,4.32,0.0,True
CLM-0003772,-82,2024-06-24,49.53,52.23,409.8,423.3,1.085,2.43,3.47,0.0,True
CLM-0003772,-81,2024-06-25,45.39,48.08,426.3,445.2,1.498,2.96,4.71,0.0,True
CLM-0003772,-80,2024-06-26,49.66,52.25,410.2,439.9,1.125,2.54,4.18,0.0,True
CLM-0003772,-79,2024-06-27,47.78,49.41,462.6,492.6,1.15,3.04,4.21,0.0,True
CLM-0003772,-78,2024-06-28,49.53,53.7,408.6,433.2,1.095,2.71,3.97,0.0,True
CLM-0003772,-77,2024-06-29,49.22,51.01,451.3,475.8,1.213,2.56,3.96,0.0,True
CLM-0003772,-76,2024-06-30,50.7,53.52,416.4,442.5,1.402,2.24,3.75,0.0,True
CLM-0003772,-75,2024-07-01,48.45,51.28,410.3,440.3,0.884,2.19,2.5,0.0,True
CLM-0003772,-74,2024-07-02,45.47,48.5,419.5,443.8,1.368,1.69,2.34,0.0,True
CLM-0003772,-73,2024-07-03,52.82,54.43,402.9,417.5,0.906,2.65,3.21,0.0,True
CLM-0003772,-72,2024-07-04,48.95,52.22,406.3,425.2,1.156,2.07,3.33,0.0,True
CLM-0003772,-71,2024-07-05,49.05,51.35,444.6,464.4,1.037,2.29,3.44,0.0,True
CLM-0003772,-70,2024-07-06,48.48,52.0,426.9,442.0,1.045,2.38,3.88,0.0,True
CLM-0003772,-69,2024-07-07,51.56,55.45,433.9,448.7,0.992,2.18,3.2,0.0,True
CLM-0003772,-68,2024-07-08,46.3,49.35,413.1,440.2,1.259,2.47,3.64,0.0,True
CLM-0003772,-67,2024-07-09,45.99,48.41,430.5,454.6,1.133,1.42,2.24,0.0,True
CLM-0003772,-66,2024-07-10,,,,,,,,,False
CLM-0003772,-65,2024-07-11,49.53,52.94,409.4,447.8,1.299,2.66,3.84,0.0,True
CLM-0003772,-64,2024-07-12,47.3,49.52,467.7,498.2,1.158,1.69,2.79,0.0,True
CLM-0003772,-63,2024-07-13,47.22,49.08,399.2,429.0,1.298,2.12,3.51,0.0,True
CLM-0003772,-62,2024-07-14,46.52,49.89,421.3,433.9,1.211,2.96,4.54,0.0,True
CLM-0003772,-61,2024-07-15,50.46,53.12,428.4,457.5,1.128,2.36,3.95,0.0,True
CLM-0003772,-60,2024-07-16,49.47,51.36,424.7,448.8,1.337,2.11,3.61,0.0,True
CLM-0003772,-59,2024-07-17,50.34,53.42,413.4,447.2,1.421,2.71,3.88,0.0,True
CLM-0003772,-58,2024-07-18,47.67,49.41,410.4,424.8,1.388,1.94,2.91,0.0,True
CLM-0003772,-57,2024-07-19,48.6,51.68,425.3,456.7,0.945,1.97,3.07,0.0,True
CLM-0003772,-56,2024-07-20,50.25,53.52,409.0,428.8,1.209,2.01,2.54,0.0,True
CLM-0003772,-55,2024-07-21,47.13,49.27,437.4,453.8,1.395,2.96,4.47,0.0,True
CLM-0003772,-54,2024-07-22,50.76,54.09,423.6,464.3,1.016,1.98,2.92,0.0,True
CLM-0003772,-53,2024-07-23,49.61,51.84,417.5,442.5,1.186,2.37,3.33,0.0,True
CLM-0003772,-52,2024-07-24,51.33,54.29,421.9,445.5,1.087,2.87,4.37,0.0,True
CLM-0003772,-51,2024-07-25,50.63,52.06,428.0,448.2,1.24,1.98,2.69,0.0,True
CLM-0003772,-50,2024-07-26,45.48,48.55,439.9,461.9,1.638,1.68,2.05,0.0,True
CLM-0003772,-49,2024-07-27,47.6,51.65,426.1,447.4,1.199,3.27,4.18,0.0,True
CLM-0003772,-48,2024-07-28,44.07,45.56,423.2,445.7,1.175,2.45,3.16,0.0,True
CLM-0003772,-47,2024-07-29,44.84,48.56,433.8,457.1,1.534,2.13,2.83,0.0,True
CLM-0003772,-46,2024-07-30,46.78,49.2,398.7,421.2,1.23,2.33,3.5,0.0,True
CLM-0003772,-45,2024-07-31,51.42,55.3,412.0,427.8,1.106,2.71,4.15,0.0,True
CLM-0003772,-44,2024-08-01,48.71,53.43,417.8,442.4,0.952,1.76,2.45,0.0,True
CLM-0003772,-43,2024-08-02,49.63,52.71,407.0,433.6,1.363,2.21,3.48,0.0,True
CLM-0003772,-42,2024-08-03,47.74,51.27,431.0,461.7,1.022,2.73,4.18,0.0,True
CLM-0003772,-41,2024-08-04,48.09,51.45,420.5,453.6,1.17,3.0,4.23,0.0,True
CLM-0003772,-40,2024-08-05,50.08,54.03,403.1,425.0,1.264,3.0,4.2,0.0,True
CLM-0003772,-39,2024-08-06,48.4,51.16,401.5,428.6,1.295,2.44,4.03,0.0,True
CLM-0003772,-38,2024-08-07,48.31,51.97,420.0,450.3,0.953,3.02,4.36,0.0,True
CLM-0003772,-37,2024-08-08,49.78,52.07,430.0,449.9,1.038,1.7,3.07,0.0,True
CLM-0003772,-36,2024-08-09,46.59,50.71,421.4,447.6,1.233,2.46,3.3,0.0,True
CLM-0003772,-35,2024-08-10,49.11,51.04,459.1,486.2,0.962,1.32,1.9,0.0,True
CLM-0003772,-34,2024-08-11,49.2,51.73,417.2,427.3,1.302,2.98,4.01,0.0,True
CLM-0003772,-33,2024-08-12,45.2,47.55,411.3,435.7,1.0,2.58,3.26,0.0,True
CLM-0003772,-32,2024-08-13,46.53,49.91,439.7,465.3,1.156,3.12,4.47,0.0,True
CLM-0003772,-31,2024-08-14,47.43,51.19,424.9,443.9,1.123,2.15,3.44,0.0,True
CLM-0003772,-30,2024-08-15,47.76,51.29,440.1,472.1,1.318,1.85,2.57,0.0,True
CLM-0003772,-29,2024-08-16,49.72,52.19,441.5,479.9,1.121,2.72,4.25,0.0,True
CLM-0003772,-28,2024-08-17,46.9,51.36,414.8,442.1,1.306,2.33,3.23,0.0,True
CLM-0003772,-27,2024-08-18,46.87,51.03,411.2,426.4,1.372,2.84,4.66,0.0,True
CLM-0003772,-26,2024-08-19,50.01,53.27,431.0,453.9,1.193,2.72,3.82,0.0,True
CLM-0003772,-25,2024-08-20,50.65,53.03,407.9,425.3,1.236,2.28,3.84,1.0,True
CLM-0003772,-24,2024-08-21,50.72,52.36,413.0,453.7,1.095,2.39,3.59,0.0,True
CLM-0003772,-23,2024-08-22,46.49,50.19,391.0,411.4,1.033,2.3,3.13,0.0,True
CLM-0003772,-22,2024-08-23,46.9,49.58,417.8,443.8,1.006,2.41,3.35,0.0,True
CLM-0003772,-21,2024-08-24,45.32,49.27,442.2,475.6,1.214,2.19,3.4,0.0,True
CLM-0003772,-20,2024-08-25,43.54,47.56,420.5,438.5,1.113,2.64,3.61,0.0,True
CLM-0003772,-19,2024-08-26,46.24,48.8,395.3,414.1,1.263,1.7,2.63,0.0,True
CLM-0003772,-18,2024-08-27,47.42,50.43,451.0,485.5,1.155,1.62,2.21,0.0,True
CLM-0003772,-17,2024-08-28,49.14,52.11,410.3,444.5,1.124,2.22,2.99,0.0,True
CLM-0003772,-16,2024-08-29,50.4,54.85,420.7,437.7,1.17,2.15,2.95,0.0,True
CLM-0003772,-15,2024-08-30,48.52,51.15,425.0,441.7,0.88,2.19,2.8,1.0,True
CLM-0003772,-14,2024-08-31,51.59,55.24,433.0,462.3,1.337,2.9,4.37,0.0,True
CLM-0003772,-13,2024-09-01,,,,,,,,,False
CLM-0003772,-12,2024-09-02,51.46,56.0,417.9,438.1,1.14,2.71,3.82,0.0,True
CLM-0003772,-11,2024-09-03,47.06,49.4,419.8,446.8,1.438,2.61,3.66,0.0,True
CLM-0003772,-10,2024-09-04,49.7,51.66,409.5,425.4,1.151,3.0,4.04,0.0,True
CLM-0003772,-9,2024-09-05,49.17,50.29,404.4,433.3,1.287,2.14,3.0,0.0,True
CLM-0003772,-8,2024-09-06,51.1,54.27,415.4,442.1,0.904,2.63,4.06,0.0,True
CLM-0003772,-7,2024-09-07,74.45,77.68,443.3,454.8,2.204,5.51,3.24,0.0,True
CLM-0003772,-6,2024-09-08,,,,,,,,,False
CLM-0003772,-5,2024-09-09,,,,,,,,,False
CLM-0003772,-4,2024-09-10,,,,,,,,,False
CLM-0003772,-3,2024-09-11,,,,,,,,,False
CLM-0003772,-2,2024-09-12,,,,,,,,,False
CLM-0003772,-1,2024-09-13,,,,,,,,,False
CLM-0003772,0,2024-09-14,,,,,,,,,False
CLM-0001247,-89,2024-06-17,52.84,54.53,372.9,404.6,1.272,2.66,3.67,0.0,True
CLM-0001247,-88,2024-06-18,51.11,55.08,367.8,387.8,1.239,3.12,4.69,0.0,True
CLM-0001247,-87,2024-06-19,51.37,53.8,368.4,401.4,1.472,2.49,3.53,0.0,True
CLM-0001247,-86,2024-06-20,50.69,55.44,421.0,451.2,1.169,1.57,2.43,0.0,True
CLM-0001247,-85,2024-06-21,51.46,54.05,398.3,429.8,1.15,3.39,4.88,0.0,True
CLM-0001247,-84,2024-06-22,52.13,56.2,370.3,381.7,1.184,2.37,3.56,0.0,True
CLM-0001247,-83,2024-06-23,51.05,53.84,386.7,409.3,1.175,3.51,5.61,0.0,True
CLM-0001247,-82,2024-06-24,53.64,59.16,388.8,418.7,1.24,2.62,3.95,0.0,True
CLM-0001247,-81,2024-06-25,56.62,59.84,385.9,406.2,1.204,2.09,3.04,0.0,True
CLM-0001247,-80,2024-06-26,51.72,54.72,376.4,386.9,0.872,2.47,4.13,0.0,True
CLM-0001247,-79,2024-06-27,47.71,51.04,364.1,396.8,1.233,3.0,4.45,0.0,True
CLM-0001247,-78,2024-06-28,51.48,55.17,374.1,406.1,1.265,3.47,5.27,0.0,True
CLM-0001247,-77,2024-06-29,51.96,56.57,377.3,412.8,1.263,3.21,5.06,0.0,True
CLM-0001247,-76,2024-06-30,53.68,58.16,397.4,406.9,1.095,3.25,4.82,0.0,True
CLM-0001247,-75,2024-07-01,50.75,51.77,387.6,410.6,0.986,2.34,3.48,0.0,True
CLM-0001247,-74,2024-07-02,50.79,53.52,393.3,414.5,1.366,3.18,4.72,0.0,True
CLM-0001247,-73,2024-07-03,50.74,53.11,368.1,384.8,1.144,2.75,4.22,0.0,True
CLM-0001247,-72,2024-07-04,,,,,,,,,False
CLM-0001247,-71,2024-07-05,48.61,51.03,400.8,427.9,1.106,3.03,4.9,0.0,True
CLM-0001247,-70,2024-07-06,52.34,57.34,365.9,388.3,1.271,3.0,4.81,0.0,True
CLM-0001247,-69,2024-07-07,49.27,51.43,410.4,448.2,1.333,2.29,3.17,0.0,True
CLM-0001247,-68,2024-07-08,51.56,53.08,386.7,395.4,1.256,3.1,4.53,0.0,True
CLM-0001247,-67,2024-07-09,53.48,56.66,394.7,422.8,1.251,2.6,4.08,0.0,True
CLM-0001247,-66,2024-07-10,50.34,54.09,356.4,370.6,1.141,3.12,4.12,0.0,True
CLM-0001247,-65,2024-07-11,54.46,56.47,395.8,421.4,1.13,2.77,3.92,0.0,True
CLM-0001247,-64,2024-07-12,50.71,54.98,372.0,400.2,1.138,2.65,4.33,0.0,True
CLM-0001247,-63,2024-07-13,49.13,51.5,386.1,421.4,1.255,3.05,4.9,0.0,True
CLM-0001247,-62,2024-07-14,51.34,53.99,367.0,389.4,1.114,2.91,4.45,0.0,True
CLM-0001247,-61,2024-07-15,52.86,55.97,400.1,426.1,1.28,2.35,3.73,0.0,True
CLM-0001247,-60,2024-07-16,53.77,56.2,369.2,375.9,1.29,3.46,5.84,0.0,True
CLM-0001247,-59,2024-07-17,52.93,57.89,392.1,426.0,1.297,2.77,4.07,0.0,True
CLM-0001247,-58,2024-07-18,55.7,57.4,390.4,419.9,1.135,3.19,5.43,0.0,True
CLM-0001247,-57,2024-07-19,52.57,54.08,389.1,415.1,1.069,2.8,4.35,0.0,True
CLM-0001247,-56,2024-07-20,51.12,53.39,382.3,408.4,1.2,2.5,3.69,0.0,True
CLM-0001247,-55,2024-07-21,52.07,53.92,393.3,412.8,1.127,2.77,4.59,0.0,True
CLM-0001247,-54,2024-07-22,49.58,50.98,384.1,405.3,1.106,3.07,4.37,0.0,True
CLM-0001247,-53,2024-07-23,53.86,57.11,381.0,400.0,1.158,3.82,5.74,0.0,True
CLM-0001247,-52,2024-07-24,49.41,51.23,396.1,413.8,1.288,3.25,4.82,0.0,True
CLM-0001247,-51,2024-07-25,50.11,52.97,415.8,442.1,1.071,2.63,4.42,0.0,True
CLM-0001247,-50,2024-07-26,51.91,54.41,384.6,420.8,1.45,2.24,3.25,0.0,True
CLM-0001247,-49,2024-07-27,50.28,54.65,365.1,386.2,1.277,2.86,4.22,0.0,True
CLM-0001247,-48,2024-07-28,52.93,54.66,380.9,406.8,1.13,2.87,4.29,0.0,True
CLM-0001247,-47,2024-07-29,52.76,56.2,394.6,418.0,1.306,3.25,4.3,0.0,True
CLM-0001247,-46,2024-07-30,53.64,56.57,379.7,403.0,1.066,3.38,5.44,0.0,True
CLM-0001247,-45,2024-07-31,53.34,55.66,363.4,386.0,1.223,3.1,4.64,0.0,True
CLM-0001247,-44,2024-08-01,,,,,,,,,False
CLM-0001247,-43,2024-08-02,52.03,55.43,382.0,406.1,1.297,2.77,4.4,0.0,True
CLM-0001247,-42,2024-08-03,53.59,55.07,375.6,407.7,1.178,3.19,4.72,0.0,True
CLM-0001247,-41,2024-08-04,52.19,55.36,389.2,413.7,1.038,2.98,4.57,0.0,True
CLM-0001247,-40,2024-08-05,54.99,58.01,398.5,437.2,1.198,3.65,5.21,0.0,True
CLM-0001247,-39,2024-08-06,53.98,57.79,378.8,414.1,1.383,2.94,4.22,0.0,True
CLM-0001247,-38,2024-08-07,51.65,55.08,397.2,428.6,1.099,2.78,4.24,0.0,True
CLM-0001247,-37,2024-08-08,54.57,59.21,386.6,417.4,1.094,3.16,4.56,0.0,True
CLM-0001247,-36,2024-08-09,55.2,59.31,369.9,400.0,1.164,3.46,4.71,0.0,True
CLM-0001247,-35,2024-08-10,56.43,59.21,356.0,377.1,1.285,3.18,5.19,0.0,True
CLM-0001247,-34,2024-08-11,54.47,58.87,388.4,415.4,1.035,3.02,4.11,0.0,True
CLM-0001247,-33,2024-08-12,50.06,53.26,384.2,427.9,1.107,2.83,4.5,0.0,True
CLM-0001247,-32,2024-08-13,50.28,54.35,374.3,402.8,1.047,2.5,3.69,0.0,True
CLM-0001247,-31,2024-08-14,,,,,,,,,False
CLM-0001247,-30,2024-08-15,54.21,57.59,367.5,380.8,1.059,3.32,5.0,0.0,True
CLM-0001247,-29,2024-08-16,57.28,58.52,389.0,410.1,1.217,2.01,2.98,0.0,True
CLM-0001247,-28,2024-08-17,52.93,56.14,369.2,385.0,1.099,2.51,3.91,0.0,True
CLM-0001247,-27,2024-08-18,52.28,55.88,380.9,408.8,1.257,3.14,4.72,0.0,True
CLM-0001247,-26,2024-08-19,53.2,56.81,377.9,391.9,1.342,2.65,4.04,0.0,True
CLM-0001247,-25,2024-08-20,53.34,54.62,362.5,375.4,1.173,3.07,4.58,0.0,True
CLM-0001247,-24,2024-08-21,54.73,57.36,394.2,420.7,1.313,2.45,3.95,0.0,True
CLM-0001247,-23,2024-08-22,51.03,53.23,382.4,395.2,1.286,2.52,3.58,0.0,True
CLM-0001247,-22,2024-08-23,53.11,56.07,420.8,447.3,1.235,2.39,4.01,0.0,True
CLM-0001247,-21,2024-08-24,53.84,54.68,372.1,409.8,1.331,2.8,4.32,0.0,True
CLM-0001247,-20,2024-08-25,52.71,54.97,411.8,440.0,1.536,2.85,4.6,0.0,True
CLM-0001247,-19,2024-08-26,49.07,52.15,385.8,416.4,1.384,2.37,3.35,0.0,True
CLM-0001247,-18,2024-08-27,48.43,50.97,377.9,407.6,0.961,2.44,4.26,0.0,True
CLM-0001247,-17,2024-08-28,49.44,54.13,370.2,379.8,0.993,2.68,4.2,0.0,True
CLM-0001247,-16,2024-08-29,54.42,57.05,365.0,372.3,1.186,2.71,4.65,0.0,True
CLM-0001247,-15,2024-08-30,55.35,58.27,375.4,403.9,0.895,2.54,3.71,0.0,True
CLM-0001247,-14,2024-08-31,50.0,51.29,373.9,404.3,1.177,3.09,4.32,0.0,True
CLM-0001247,-13,2024-09-01,53.83,55.82,378.7,407.4,0.972,2.68,3.98,0.0,True
CLM-0001247,-12,2024-09-02,48.13,51.97,374.0,401.4,1.223,2.91,4.61,0.0,True
CLM-0001247,-11,2024-09-03,50.96,53.36,398.4,417.9,1.257,3.01,4.9,0.0,True
CLM-0001247,-10,2024-09-04,52.94,55.82,368.7,396.9,1.176,2.49,3.57,0.0,True
CLM-0001247,-9,2024-09-05,53.88,56.33,373.8,405.9,1.147,3.06,4.92,0.0,True
CLM-0001247,-8,2024-09-06,50.85,54.53,381.1,402.2,1.093,2.91,4.48,0.0,True
CLM-0001247,-7,2024-09-07,51.99,53.78,372.6,391.1,1.213,2.88,4.62,0.0,True
CLM-0001247,-6,2024-09-08,52.06,54.46,399.1,413.1,1.017,2.51,3.44,0.0,True
CLM-0001247,-5,2024-09-09,49.53,52.95,371.0,385.5,1.063,3.21,4.59,0.0,True
CLM-0001247,-4,2024-09-10,54.3,56.97,380.0,401.6,1.262,2.19,2.9,1.0,True
CLM-0001247,-3,2024-09-11,52.59,53.64,378.9,405.3,1.146,2.79,4.19,0.0,True
CLM-0001247,-2,2024-09-12,50.6,53.51,379.1,415.2,1.128,2.51,4.06,0.0,True
CLM-0001247,-1,2024-09-13,52.07,53.37,416.8,437.0,1.342,2.68,4.4,0.0,True
CLM-0001247,0,2024-09-14,54.4,57.33,403.5,418.8,1.192,2.28,3.22,0.0,True
CLM-0001152,-89,2024-06-22,49.6,51.97,398.5,427.0,1.289,2.38,3.31,0.0,True
CLM-0001152,-88,2024-06-23,49.68,53.12,419.6,448.1,1.128,2.03,3.15,0.0,True
CLM-0001152,-87,2024-06-24,45.75,50.62,402.2,441.4,1.256,2.15,3.05,0.0,True
CLM-0001152,-86,2024-06-25,49.54,51.74,437.1,467.7,1.255,2.07,3.33,0.0,True
CLM-0001152,-85,2024-06-26,47.25,50.53,392.5,419.0,1.061,2.0,2.73,1.0,True
CLM-0001152,-84,2024-06-27,47.85,50.36,434.2,456.0,1.127,3.04,5.05,0.0,True
CLM-0001152,-83,2024-06-28,45.61,50.02,444.3,460.0,1.047,2.9,4.18,0.0,True
CLM-0001152,-82,2024-06-29,50.72,54.12,441.1,469.2,1.223,1.98,3.07,0.0,True
CLM-0001152,-81,2024-06-30,49.86,52.48,438.1,458.2,1.191,2.04,3.16,0.0,True
CLM-0001152,-80,2024-07-01,47.42,51.22,413.2,432.5,1.361,2.03,3.31,0.0,True
CLM-0001152,-79,2024-07-02,49.55,51.49,419.3,443.0,1.31,2.6,3.46,0.0,True
CLM-0001152,-78,2024-07-03,50.33,53.6,422.3,450.2,1.239,2.48,3.44,0.0,True
CLM-0001152,-77,2024-07-04,51.27,54.07,401.0,434.3,1.313,2.56,3.73,0.0,True
CLM-0001152,-76,2024-07-05,49.86,53.56,431.5,458.2,1.283,2.02,3.37,0.0,True
CLM-0001152,-75,2024-07-06,47.82,48.89,429.6,456.8,1.346,1.94,2.85,0.0,True
CLM-0001152,-74,2024-07-07,46.61,48.85,425.1,447.1,1.356,2.19,3.79,0.0,True
CLM-0001152,-73,2024-07-08,53.08,55.79,396.0,417.3,1.498,2.71,4.67,0.0,True
CLM-0001152,-72,2024-07-09,48.08,49.52,431.4,454.2,1.335,3.33,4.98,0.0,True
CLM-0001152,-71,2024-07-10,48.72,49.94,426.1,452.7,1.042,1.91,3.5,0.0,True
CLM-0001152,-70,2024-07-11,49.6,53.74,407.5,422.8,1.408,2.9,4.24,0.0,True
CLM-0001152,-69,2024-07-12,50.54,53.38,420.5,437.7,1.117,2.66,4.06,0.0,True
CLM-0001152,-68,2024-07-13,48.43,52.81,443.4,476.2,1.49,2.05,3.18,0.0,True
CLM-0001152,-67,2024-07-14,50.72,53.7,429.5,455.0,1.161,2.59,4.3,0.0,True
CLM-0001152,-66,2024-07-15,53.92,58.11,439.5,442.4,1.453,2.48,4.04,0.0,True
CLM-0001152,-65,2024-07-16,48.27,50.15,445.6,474.5,1.053,2.5,3.73,0.0,True
CLM-0001152,-64,2024-07-17,49.97,53.65,415.4,440.8,1.441,2.7,3.87,0.0,True
CLM-0001152,-63,2024-07-18,47.0,48.57,415.1,441.6,1.477,3.12,4.81,0.0,True
CLM-0001152,-62,2024-07-19,48.08,51.5,420.4,445.2,1.506,2.68,4.22,0.0,True
CLM-0001152,-61,2024-07-20,47.28,52.55,387.9,426.4,1.434,2.46,4.06,0.0,True
CLM-0001152,-60,2024-07-21,46.76,49.42,434.3,459.1,1.264,2.18,3.76,0.0,True
CLM-0001152,-59,2024-07-22,46.79,50.1,425.9,432.3,1.23,2.37,3.48,1.0,True
CLM-0001152,-58,2024-07-23,51.58,54.32,408.4,444.7,1.259,2.52,3.61,0.0,True
CLM-0001152,-57,2024-07-24,52.27,55.65,416.3,449.5,1.063,2.29,3.58,0.0,True
CLM-0001152,-56,2024-07-25,51.42,54.36,399.4,419.0,1.194,2.73,3.7,0.0,True
CLM-0001152,-55,2024-07-26,48.61,54.0,436.2,456.9,1.37,3.11,5.13,0.0,True
CLM-0001152,-54,2024-07-27,50.52,53.89,420.1,452.7,1.482,1.81,2.47,0.0,True
CLM-0001152,-53,2024-07-28,46.1,48.22,428.4,474.9,1.173,2.18,3.3,0.0,True
CLM-0001152,-52,2024-07-29,43.4,45.78,420.7,450.0,1.176,3.09,4.24,0.0,True
CLM-0001152,-51,2024-07-30,48.17,52.56,445.3,464.5,1.465,2.45,3.46,0.0,True
CLM-0001152,-50,2024-07-31,49.22,51.93,404.3,434.5,1.197,2.88,4.51,0.0,True
CLM-0001152,-49,2024-08-01,48.28,52.55,405.5,424.8,1.1,2.0,2.72,0.0,True
CLM-0001152,-48,2024-08-02,49.25,53.22,400.6,419.4,1.399,2.58,3.76,0.0,True
CLM-0001152,-47,2024-08-03,48.97,51.62,432.6,456.2,1.224,2.3,3.96,0.0,True
CLM-0001152,-46,2024-08-04,47.9,50.3,390.1,421.4,1.279,2.39,3.73,0.0,True
CLM-0001152,-45,2024-08-05,47.95,51.48,392.8,425.9,1.188,2.27,3.3,0.0,True
CLM-0001152,-44,2024-08-06,49.57,51.51,410.2,424.4,1.296,3.05,4.17,0.0,True
CLM-0001152,-43,2024-08-07,52.4,56.59,434.2,454.0,1.045,2.21,3.69,0.0,True
CLM-0001152,-42,2024-08-08,48.05,50.44,431.9,443.5,1.173,2.86,4.8,0.0,True
CLM-0001152,-41,2024-08-09,51.44,54.29,403.2,436.7,1.224,2.43,2.98,0.0,True
CLM-0001152,-40,2024-08-10,47.49,50.85,391.2,419.2,1.133,3.12,4.25,0.0,True
CLM-0001152,-39,2024-08-11,47.39,50.8,445.7,473.7,1.323,2.66,4.24,0.0,True
CLM-0001152,-38,2024-08-12,50.58,52.61,412.0,437.1,1.475,1.88,2.61,0.0,True
CLM-0001152,-37,2024-08-13,52.01,53.04,432.8,459.8,1.314,2.46,3.97,0.0,True
CLM-0001152,-36,2024-08-14,46.84,49.23,432.9,460.2,1.194,2.34,3.34,0.0,True
CLM-0001152,-35,2024-08-15,45.0,48.3,404.0,431.8,1.142,2.65,4.39,1.0,True
CLM-0001152,-34,2024-08-16,48.05,52.02,413.4,431.7,0.926,2.47,3.3,0.0,True
CLM-0001152,-33,2024-08-17,51.38,52.95,432.4,464.5,1.082,1.8,2.62,0.0,True
CLM-0001152,-32,2024-08-18,49.57,52.5,417.0,451.8,1.152,2.27,3.32,0.0,True
CLM-0001152,-31,2024-08-19,45.44,46.77,398.2,425.2,1.32,2.22,3.54,0.0,True
CLM-0001152,-30,2024-08-20,47.59,48.2,418.5,441.7,1.098,2.4,3.6,0.0,True
CLM-0001152,-29,2024-08-21,49.32,54.52,412.9,453.2,1.293,2.53,3.72,0.0,True
CLM-0001152,-28,2024-08-22,51.05,53.55,434.5,465.4,1.394,2.69,3.93,0.0,True
CLM-0001152,-27,2024-08-23,48.23,51.39,431.1,443.1,1.117,2.63,3.36,0.0,True
CLM-0001152,-26,2024-08-24,50.11,53.89,404.6,434.9,1.25,1.44,2.02,0.0,True
CLM-0001152,-25,2024-08-25,50.29,55.07,422.1,456.2,1.393,2.62,3.68,0.0,True
CLM-0001152,-24,2024-08-26,49.04,51.82,393.1,416.7,1.209,2.95,4.57,0.0,True
CLM-0001152,-23,2024-08-27,48.35,50.63,405.7,420.4,1.203,2.47,3.51,0.0,True
CLM-0001152,-22,2024-08-28,50.19,52.59,444.2,479.1,1.142,2.16,3.45,0.0,True
CLM-0001152,-21,2024-08-29,47.97,50.71,421.3,448.8,1.113,2.06,2.94,0.0,True
CLM-0001152,-20,2024-08-30,47.61,50.6,440.9,475.8,1.018,2.76,4.09,0.0,True
CLM-0001152,-19,2024-08-31,45.86,48.86,424.8,451.6,1.11,2.54,3.81,0.0,True
CLM-0001152,-18,2024-09-01,43.91,46.29,429.5,441.0,1.18,2.18,3.07,0.0,True
CLM-0001152,-17,2024-09-02,,,,,,,,,False
CLM-0001152,-16,2024-09-03,48.69,53.34,389.8,420.4,1.379,2.24,2.91,0.0,True
CLM-0001152,-15,2024-09-04,51.33,54.3,426.4,443.8,1.011,2.23,3.48,0.0,True
CLM-0001152,-14,2024-09-05,49.58,51.69,439.0,484.3,1.028,2.42,3.67,0.0,True
CLM-0001152,-13,2024-09-06,51.33,52.38,432.2,449.9,1.406,2.48,3.86,0.0,True
CLM-0001152,-12,2024-09-07,48.36,51.56,390.0,409.2,1.147,2.1,3.5,0.0,True
CLM-0001152,-11,2024-09-08,49.41,52.15,432.8,470.4,1.295,2.26,3.97,0.0,True
CLM-0001152,-10,2024-09-09,47.76,49.87,418.0,432.3,1.353,3.09,4.54,0.0,True
CLM-0001152,-9,2024-09-10,44.49,48.26,413.5,437.8,1.279,2.03,2.82,0.0,True
CLM-0001152,-8,2024-09-11,46.28,48.06,414.9,434.4,1.204,2.49,3.6,0.0,True
CLM-0001152,-7,2024-09-12,47.55,50.65,420.6,445.5,1.317,2.64,4.4,0.0,True
CLM-0001152,-6,2024-09-13,49.3,52.79,407.9,424.9,1.227,2.17,2.95,0.0,True
CLM-0001152,-5,2024-09-14,45.82,47.74,420.0,461.1,1.138,2.19,4.05,0.0,True
CLM-0001152,-4,2024-09-15,63.77,66.87,429.7,447.6,1.203,6.52,3.21,1.0,True
CLM-0001152,-3,2024-09-16,63.85,66.58,425.6,456.6,1.165,6.4,3.11,0.0,True
CLM-0001152,-2,2024-09-17,60.08,63.66,428.4,441.9,1.237,7.38,4.93,0.0,True
CLM-0001152,-1,2024-09-18,64.41,68.14,442.2,465.8,1.061,6.63,3.23,0.0,True
CLM-0001152,0,2024-09-19,62.66,63.17,420.3,456.0,1.366,6.8,3.71,0.0,True
